id,bookId,pageNumber,branchPath,isBranchPage,content,imageUrl,panels,choiceA,choiceB,nextPageIdA,nextPageIdB,sfxTags,format,createdAt
390045,390004,1,root,0,"Münih'teki laboratuvarın soğuk ışıkları altında, Tolgar son deney tüpünü dikkatle inceledi. İnsan hücrelerinin kendini onarma kapasitesini artırma projesi, hayatının adeta bir parçası haline gelmişti. Gece yarısını çoktan geçmiş, yorgunluk hissi tüm vücudunu sarmıştı, ancak keşfetme arzusu onu ayakta tutuyordu. Bu serum, insanlığın geleceğini değiştirebilirdi.",,"[{""bubbleType"": ""speech"", ""dialogue"": null, ""imageUrl"": ""https://d2xsxph8kpxj0f.cloudfront.net/310519663399842622/cuoraNs8SGWCiJUcwSXm4W/panels/390004-page1-top-1773116652600.png"", ""narration"": ""Münih'teki laboratuvarın soğuk ışıkları altında Tolgar, son deney tüpünü dikkatle inceliyor."", ""position"": ""top-right"", ""speaker"": null}, {""bubbleType"": ""speech"", ""dialogue"": null, ""imageUrl"": ""https://d2xsxph8kpxj0f.cloudfront.net/310519663399842622/cuoraNs8SGWCiJUcwSXm4W/panels/390004-page1-bottom-left-1773116657912.png"", ""narration"": ""İnsan hücrelerinin kendini onarma projesi, Tolgar'ın hayatının bir parçası olmuştu."", ""position"": ""top-left"", ""speaker"": null}, {""bubbleType"": ""speech"", ""dialogue"": null, ""imageUrl"": ""https://d2xsxph8kpxj0f.cloudfront.net/310519663399842622/cuoraNs8SGWCiJUcwSXm4W/panels/390004-page1-bottom-right-1773116662721.png"", ""narration"": ""Gece yarısını geçmiş olmasına rağmen, keşfetme arzusu onu ayakta tutuyor; bu serum insanlığın geleceğini değiştirebilirdi."", ""position"": ""top-right"", ""speaker"": null}]",,,,,"[""lab hum"", ""beeping""]",landscape,2026-03-10 04:26:34
390046,390004,2,root,1,"Ancak bir anlık dikkatsizlik, her şeyi değiştirdi. Titreyen elinden kayan tüp, yere düşerek paramparça oldu. İçindeki deneysel serum, Tolgar'ın koruyucu giysisindeki küçük bir yırtıktan cildine temas etti. Keskin bir acı hissiyle irkildi, ardından vücudunda garip bir karıncalanma başladı. Ne yapmalıydı?",,"[{""bubbleType"": ""speech"", ""dialogue"": null, ""imageUrl"": ""https://d2xsxph8kpxj0f.cloudfront.net/310519663399842622/cuoraNs8SGWCiJUcwSXm4W/panels/390004-page2-top-1773116658799.png"", ""narration"": ""Tolgar'ın elinden kayan tüp yere düşerek paramparça oluyor."", ""position"": ""top-right"", ""speaker"": null}, {""bubbleType"": ""speech"", ""dialogue"": null, ""imageUrl"": ""https://d2xsxph8kpxj0f.cloudfront.net/310519663399842622/cuoraNs8SGWCiJUcwSXm4W/panels/390004-page2-bottom-left-1773116662935.png"", ""narration"": ""Deneysel serum, Tolgar'ın giysisindeki yırtıktan cildine temas ediyor."", ""position"": ""top-left"", ""speaker"": null}, {""bubbleType"": ""speech"", ""dialogue"": ""Ne yapmalıydı?"", ""imageUrl"": ""https://d2xsxph8kpxj0f.cloudfront.net/310519663399842622/cuoraNs8SGWCiJUcwSXm4W/panels/390004-page2-bottom-right-1773116663228.png"", ""narration"": ""Tolgar keskin bir acı ve garip bir karıncalanma hissediyor."", ""position"": ""top-right"", ""speaker"": ""Tolgar""}]",Hemen tıbbi yardım almak için güvenlik protokollerini devreye sokmak.,"Kimseye haber vermeden, etkileri kendi başına gözlemlemek.",390047,390048,"[""glass shatter"", ""buzzing""]",landscape,2026-03-10 04:26:35
390047,390004,3,A,0,"Güvenlik protokollerini devreye sokarak, acil durum sirenlerini çaldırdı. Kısa süre sonra laboratuvar ekibi olay yerine ulaştı ve Tolgar'ı karantina altına aldı. Serumun etkileri hızla yayılırken, vücudunda gözle görülür değişimler başladı. Güçlü bir şirketin bu teknolojiyi ele geçirmek istediğini bilen Tolgar, durumun ciddiyetini anlamıştı.",,"[{""bubbleType"": ""speech"", ""dialogue"": null, ""imageUrl"": ""https://d2xsxph8kpxj0f.cloudfront.net/310519663399842622/cuoraNs8SGWCiJUcwSXm4W/panels/390004-page3-top-1773116652721.png"", ""narration"": ""Tolgar, güvenlik protokollerini devreye sokarak acil durum sirenlerini çaldırdı."", ""position"": ""top-right"", ""speaker"": null}, {""bubbleType"": ""speech"", ""dialogue"": null, ""imageUrl"": ""https://d2xsxph8kpxj0f.cloudfront.net/310519663399842622/cuoraNs8SGWCiJUcwSXm4W/panels/390004-page3-bottom-left-1773116662811.png"", ""narration"": ""Laboratuvar ekibi Tolgar'ı karantina altına aldı, serumun etkileri vücudunda hızla yayılıyordu."", ""position"": ""top-left"", ""speaker"": null}, {""bubbleType"": ""speech"", ""dialogue"": null, ""imageUrl"": ""https://d2xsxph8kpxj0f.cloudfront.net/310519663399842622/cuoraNs8SGWCiJUcwSXm4W/panels/390004-page3-bottom-right-1773116663128.png"", ""narration"": ""Tolgar, güçlü bir şirketin bu teknolojiyi ele geçirmek istediğini bilerek durumun ciddiyetini anladı."", ""position"": ""top-right"", ""speaker"": null}]",,,,,"[""siren"", ""alarm""]",landscape,2026-03-10 04:26:35
390048,390004,4,B,0,"Kimseye haber vermeden, serumun etkilerini kendi başına gözlemlemeye karar verdi. İlk başta hafif bir baş dönmesi ve mide bulantısı hissetti, ancak kısa süre sonra bu belirtiler yerini olağanüstü bir canlılığa bıraktı. Duyuları keskinleşmiş, en ufak sesleri bile duymaya başlamıştı. Vücudundaki değişimler onu hem korkutuyor hem de meraklandırıyordu.",,"[{""bubbleType"": ""speech"", ""dialogue"": null, ""imageUrl"": ""https://d2xsxph8kpxj0f.cloudfront.net/310519663399842622/cuoraNs8SGWCiJUcwSXm4W/panels/390004-page4-top-1773116638217.png"", ""narration"": ""Tolgar, kimseye haber vermeden serumun etkilerini kendi başına gözlemlemeye karar verir."", ""position"": ""top-right"", ""speaker"": null}, {""bubbleType"": ""speech"", ""dialogue"": null, ""imageUrl"": ""https://d2xsxph8kpxj0f.cloudfront.net/310519663399842622/cuoraNs8SGWCiJUcwSXm4W/panels/390004-page4-bottom-left-1773116647044.png"", ""narration"": ""Başlangıçta hafif baş dönmesi ve mide bulantısı hissederken, kısa süre sonra olağanüstü bir canlılık ve keskinleşen duyular deneyimler."", ""position"": ""top-left"", ""speaker"": null}, {""bubbleType"": ""speech"", ""dialogue"": null, ""imageUrl"": ""https://d2xsxph8kpxj0f.cloudfront.net/310519663399842622/cuoraNs8SGWCiJUcwSXm4W/panels/390004-page4-bottom-right-1773116652055.png"", ""narration"": ""Vücudundaki bu değişimler Tolgar'ı hem korkutur hem de derinden meraklandırır."", ""position"": ""top-right"", ""speaker"": null}]",,,,,"[""heartbeat"", ""whispers""]",landscape,2026-03-10 04:26:36
390049,390004,5,A,1,"Karantina sürecinde, Tolgar'ın vücudu inanılmaz bir hızla iyileşmeye başladı. Doktorlar şaşkınlık içindeydi; yaraları saniyeler içinde kapanıyor, kasları güçleniyordu. Ancak bu değişimler kontrol dışıydı ve her an daha da ileri gidiyordu. Laboratuvarın gizli bir insan geliştirme projesi yürüttüğünü öğrenince, artık sadece bir denek değil, aynı zamanda bir hedef olduğunu anladı. Ne yapmalıydı?",,"[{""bubbleType"": ""speech"", ""dialogue"": null, ""imageUrl"": ""https://d2xsxph8kpxj0f.cloudfront.net/310519663399842622/cuoraNs8SGWCiJUcwSXm4W/panels/390004-page5-top-1773116652723.png"", ""narration"": ""Karantina sırasında Tolgar'ın vücudu inanılmaz bir hızla iyileşmeye başlıyor, doktorları şaşırtıyor."", ""position"": ""top-right"", ""speaker"": null}, {""bubbleType"": ""speech"", ""dialogue"": null, ""imageUrl"": ""https://d2xsxph8kpxj0f.cloudfront.net/310519663399842622/cuoraNs8SGWCiJUcwSXm4W/panels/390004-page5-bottom-left-1773116662804.png"", ""narration"": ""İyileşme kontrol dışına çıkıyor ve kasları her an daha da güçleniyor."", ""position"": ""top-left"", ""speaker"": null}, {""bubbleType"": ""speech"", ""dialogue"": ""Ne yapmalıydı?"", ""imageUrl"": ""https://d2xsxph8kpxj0f.cloudfront.net/310519663399842622/cuoraNs8SGWCiJUcwSXm4W/panels/390004-page5-bottom-right-1773116663203.png"", ""narration"": ""Tolgar, laboratuvarın gizli projesini öğrenince denek ve hedef olduğunu anlıyor, ne yapacağını düşünüyor."", ""position"": ""top-right"", ""speaker"": ""Tolgar""}]",Güçlerini saklayarak normal hayatına dönmeye çalışmak.,Bu yeni güçleri kullanarak laboratuvardan kaçmak ve gerçekleri ortaya çıkarmak.,390050,390051,"[""medical beeps"", ""murmurs""]",landscape,2026-03-10 04:26:38
390050,390004,6,A-A,1,"Normal hayatına dönmeye çalışmak için güçlerini saklamaya karar verdi. Karantinadan çıktıktan sonra, laboratuvardaki görevine geri döndü, ancak her an tetikteydi. Duyuları o kadar keskinleşmişti ki, çevresindeki fısıltıları, hatta uzaktaki konuşmaları bile duyabiliyordu. Bu durum, onu paranoyak bir hale getiriyordu. Bir gün, bir meslektaşının telefon konuşmasına kulak misafiri oldu.",,"[{""bubbleType"": ""speech"", ""dialogue"": null, ""imageUrl"": ""https://d2xsxph8kpxj0f.cloudfront.net/310519663399842622/cuoraNs8SGWCiJUcwSXm4W/panels/390004-page6-top-1773116678619.png"", ""narration"": ""Tolgar, güçlerini gizleyerek normal hayatına dönmeye çalışıyor."", ""position"": ""top-right"", ""speaker"": null}, {""bubbleType"": ""speech"", ""dialogue"": null, ""imageUrl"": ""https://d2xsxph8kpxj0f.cloudfront.net/310519663399842622/cuoraNs8SGWCiJUcwSXm4W/panels/390004-page6-bottom-left-1773116683832.png"", ""narration"": ""Laboratuvardaki görevine dönen Tolgar'ın duyuları keskinleşmiş durumda."", ""position"": ""top-left"", ""speaker"": null}, {""bubbleType"": ""speech"", ""dialogue"": null, ""imageUrl"": ""https://d2xsxph8kpxj0f.cloudfront.net/310519663399842622/cuoraNs8SGWCiJUcwSXm4W/panels/390004-page6-bottom-right-1773116684799.png"", ""narration"": ""Paranoyak Tolgar, bir meslektaşının telefon konuşmasına kulak misafiri oluyor."", ""position"": ""top-right"", ""speaker"": null}]",Konuşmayı görmezden gelip normal davranmaya devam etmek.,Meslektaşını takip ederek ne konuştuğunu öğrenmek.,390052,390053,"[""office chatter"", ""phone ringing""]",landscape,2026-03-10 04:26:38
390051,390004,7,A-B,1,"Yeni güçlerini kullanarak laboratuvardan kaçmaya karar verdi. Gecenin bir yarısı, keskinleşen duyuları ve artan gücü sayesinde güvenlik kameralarını atlattı, kilitli kapıları zorlanmadan açtı. Amacı, bu gizli projenin ardındaki gerçeği ortaya çıkarmaktı. Ancak kaçışı fark edildi ve peşine düşenler oldu. Nereye gitmeliydi?",,"[{""bubbleType"": ""speech"", ""dialogue"": null, ""imageUrl"": ""https://d2xsxph8kpxj0f.cloudfront.net/310519663399842622/cuoraNs8SGWCiJUcwSXm4W/panels/390004-page7-top-1773116695206.png"", ""narration"": ""Tolgar, yeni güçlerini kullanarak laboratuvardan kaçmaya karar verir, keskinleşen duyularıyla güvenlik sistemlerini aşar."", ""position"": ""top-right"", ""speaker"": null}, {""bubbleType"": ""speech"", ""dialogue"": null, ""imageUrl"": ""https://d2xsxph8kpxj0f.cloudfront.net/310519663399842622/cuoraNs8SGWCiJUcwSXm4W/panels/390004-page7-bottom-left-1773116702716.png"", ""narration"": ""Gecenin bir yarısı, Tolgar kilitli kapıları zorlanmadan açar, gizli projenin ardındaki gerçeği ortaya çıkarmayı hedefler."", ""position"": ""top-left"", ""speaker"": null}, {""bubbleType"": ""speech"", ""dialogue"": ""Nereye gitmeliydim?"", ""imageUrl"": ""https://d2xsxph8kpxj0f.cloudfront.net/310519663399842622/cuoraNs8SGWCiJUcwSXm4W/panels/390004-page7-bottom-right-1773116705910.png"", ""narration"": ""Ancak kaçışı fark edilir ve peşine düşenlerden kaçarken Tolgar nereye gideceğini düşünür."", ""position"": ""top-right"", ""speaker"": ""Tolgar""}]",Şehrin kalabalık sokaklarında izini kaybettirmeye çalışmak.,Güvendiği eski bir profesörün evine sığınmak.,390054,390055,"[""footsteps"", ""alarms""]",landscape,2026-03-10 04:26:38
390052,390004,8,A-A-A,0,"Konuşmayı görmezden gelip normal davranmaya devam etti. Ancak bu, onun sonunu getirdi. Güçlü şirketin ajanları, Tolgar'ın hala bir tehdit olduğunu düşünerek onu sessizce ortadan kaldırdı. Güçleri, kontrol altına alınmadan ya da kullanılamadan bir sır olarak kaldı. Tolgar'ın hikayesi, Münih'in karanlık laboratuvarlarında kaybolan bir fısıltıdan ibaret oldu.",,"[{""bubbleType"": ""speech"", ""dialogue"": null, ""imageUrl"": ""https://d2xsxph8kpxj0f.cloudfront.net/310519663399842622/cuoraNs8SGWCiJUcwSXm4W/panels/390004-page8-top-1773116690924.png"", ""narration"": ""Tolgar, konuşmayı görmezden gelip normal davranmaya devam etti."", ""position"": ""top-right"", ""speaker"": null}, {""bubbleType"": ""speech"", ""dialogue"": null, ""imageUrl"": ""https://d2xsxph8kpxj0f.cloudfront.net/310519663399842622/cuoraNs8SGWCiJUcwSXm4W/panels/390004-page8-bottom-left-1773116696700.png"", ""narration"": ""Ancak bu, onun sonunu getirdi. Güçlü şirketin ajanları, Tolgar'ı sessizce ortadan kaldırdı."", ""position"": ""top-left"", ""speaker"": null}, {""bubbleType"": ""speech"", ""dialogue"": null, ""imageUrl"": ""https://d2xsxph8kpxj0f.cloudfront.net/310519663399842622/cuoraNs8SGWCiJUcwSXm4W/panels/390004-page8-bottom-right-1773116702614.png"", ""narration"": ""Güçleri bir sır olarak kaldı. Tolgar'ın hikayesi Münih'in karanlık laboratuvarlarında kayboldu."", ""position"": ""top-right"", ""speaker"": null}]",,,,,"[""silence"", ""distant siren""]",landscape,2026-03-10 04:26:38
390053,390004,9,A-A-B,0,"Meslektaşını takip ederek ne konuştuğunu öğrenmeye karar verdi. Meslektaşı, Tolgar'ın güçlerini ve laboratuvarın gizli projelerini bir rakip şirkete satmaya çalışıyordu. Tolgar, öfkeyle meslektaşıyla yüzleşti. Ancak bu yüzleşme, her iki taraf için de felaketle sonuçlandı. Rakiplerin de olaya dahil olmasıyla çıkan çatışmada, Tolgar güçlerini kontrol edemedi ve hem kendisi hem de meslektaşı trajik bir şekilde hayatını kaybetti.",,"[{""bubbleType"": ""speech"", ""dialogue"": null, ""imageUrl"": ""https://d2xsxph8kpxj0f.cloudfront.net/310519663399842622/cuoraNs8SGWCiJUcwSXm4W/panels/390004-page9-top-1773116694800.png"", ""narration"": ""Tolgar, meslektaşının gizlice bir rakip şirkete bilgi sattığını keşfeder."", ""position"": ""top-right"", ""speaker"": null}, {""bubbleType"": ""speech"", ""dialogue"": null, ""imageUrl"": ""https://d2xsxph8kpxj0f.cloudfront.net/310519663399842622/cuoraNs8SGWCiJUcwSXm4W/panels/390004-page9-bottom-left-1773116696721.png"", ""narration"": ""Öfkeyle yüzleşen Tolgar, meslektaşıyla şiddetli bir çatışmaya girer."", ""position"": ""top-left"", ""speaker"": null}, {""bubbleType"": ""speech"", ""dialogue"": null, ""imageUrl"": ""https://d2xsxph8kpxj0f.cloudfront.net/310519663399842622/cuoraNs8SGWCiJUcwSXm4W/panels/390004-page9-bottom-right-1773116702620.png"", ""narration"": ""Kontrol dışı güçleri ve rakiplerin müdahalesiyle, Tolgar ve meslektaşı trajik bir sonla karşılaşır."", ""position"": ""top-right"", ""speaker"": null}]",,,,,"[""tense music"", ""struggle""]",landscape,2026-03-10 04:26:38
390054,390004,10,A-B-A,0,"Şehrin kalabalık sokaklarında izini kaybettirmeye çalıştı. Yeni güçleri sayesinde kalabalığın içinde hızla hareket edebiliyor, dar geçitlerden kolayca sıyrılabiliyordu. Ancak onu kovalayanlar da oldukça yetenekliydi. Uzun bir kovalamacanın ardından, Tolgar kendini bir çıkmazda buldu. Güçlerini son bir çabayla kullanarak kaçmaya çalıştı, ancak mutasyonun kontrolsüzlüğü onu ele geçirdi. Bir canavara dönüşerek, hem kendini hem de çevresindekileri tehlikeye attı, sonunda güvenlik güçleri tarafından durduruldu. Bir kahraman olmak yerine, trajik bir figür olarak anıldı.",,"[{""bubbleType"": ""speech"", ""dialogue"": null, ""imageUrl"": ""https://d2xsxph8kpxj0f.cloudfront.net/310519663399842622/cuoraNs8SGWCiJUcwSXm4W/panels/390004-page10-top-1773116702618.png"", ""narration"": ""Tolgar, yeni güçleriyle kalabalık sokaklarda izini kaybetmeye çalışıyor."", ""position"": ""top-right"", ""speaker"": null}, {""bubbleType"": ""speech"", ""dialogue"": null, ""imageUrl"": ""https://d2xsxph8kpxj0f.cloudfront.net/310519663399842622/cuoraNs8SGWCiJUcwSXm4W/panels/390004-page10-bottom-left-1773116705915.png"", ""narration"": ""Uzun bir kovalamacanın ardından, Tolgar kendini bir çıkmazda buldu ve güçleri kontrolden çıktı."", ""position"": ""top-left"", ""speaker"": null}, {""bubbleType"": ""speech"", ""dialogue"": null, ""imageUrl"": ""https://d2xsxph8kpxj0f.cloudfront.net/310519663399842622/cuoraNs8SGWCiJUcwSXm4W/panels/390004-page10-bottom-right-1773116706139.png"", ""narration"": ""Bir canavara dönüşen Tolgar, güvenlik güçleri tarafından durdurularak trajik bir figür oldu."", ""position"": ""top-right"", ""speaker"": null}]",,,,,"[""chase"", ""explosion""]",landscape,2026-03-10 04:26:38
390055,390004,11,A-B-B,0,"Güvendiği eski bir profesörün evine sığındı. Profesör, Tolgar'ın durumunu anladı ve ona yardım etmeye karar verdi. Birlikte, Tolgar'ın güçlerini kontrol etme ve mutasyonu dengeleme yollarını araştırdılar. Yıllar süren çalışmaların ardından, Tolgar güçlerini tam anlamıyla kontrol altına almayı başardı. Artık bir silah değil, insanlığa yardım eden bir kahraman olmuştu. Laboratuvarın sırlarını da profesörle birlikte açığa çıkardılar ve adaleti sağladılar.",,"[{""bubbleType"": ""speech"", ""dialogue"": null, ""imageUrl"": ""https://d2xsxph8kpxj0f.cloudfront.net/310519663399842622/cuoraNs8SGWCiJUcwSXm4W/panels/390004-page11-top-1773116720601.png"", ""narration"": ""Tolgar seeks refuge at his old professor's house, who decides to help him understand his mutation."", ""position"": ""top-right"", ""speaker"": null}, {""bubbleType"": ""speech"", ""dialogue"": null, ""imageUrl"": ""https://d2xsxph8kpxj0f.cloudfront.net/310519663399842622/cuoraNs8SGWCiJUcwSXm4W/panels/390004-page11-bottom-left-1773116728102.png"", ""narration"": ""After years of research, Tolgar masters his powers, transforming from a weapon into a hero."", ""position"": ""top-left"", ""speaker"": null}, {""bubbleType"": ""speech"", ""dialogue"": null, ""imageUrl"": ""https://d2xsxph8kpxj0f.cloudfront.net/310519663399842622/cuoraNs8SGWCiJUcwSXm4W/panels/390004-page11-bottom-right-1773116732919.png"", ""narration"": ""Together, Tolgar and the professor expose the laboratory's secrets, bringing justice."", ""position"": ""top-right"", ""speaker"": null}]",,,,,"[""hopeful music"", ""lab sounds""]",landscape,2026-03-10 04:26:38
390056,390004,12,B,1,"Serumun etkileri Tolgar'ın vücudunda hızla ilerliyordu. Fiziksel gücü insan sınırlarının ötesine geçmiş, vücudu gizemli bir enerji üretebilmeye başlamıştı. Ancak bu yeni güçler henüz kontrol edilebilir değildi ve her kullanıldığında mutasyon daha da gelişiyordu. Laboratuvarın aslında gizli bir insan geliştirme projesi yürüttüğünü ve güçlü bir şirketin bu teknolojiyi ele geçirmek istediğini öğrenince, kaçınılmaz bir kararla yüzleşti. Ne yapmalıydı?",,"[{""bubbleType"": ""speech"", ""dialogue"": null, ""imageUrl"": ""https://d2xsxph8kpxj0f.cloudfront.net/310519663399842622/cuoraNs8SGWCiJUcwSXm4W/panels/390004-page12-top-1773116739035.png"", ""narration"": ""Serumun etkileri Tolgar'ın vücudunda hızla ilerliyor, fiziksel gücü insan sınırlarının ötesine geçiyordu."", ""position"": ""top-right"", ""speaker"": null}, {""bubbleType"": ""speech"", ""dialogue"": null, ""imageUrl"": ""https://d2xsxph8kpxj0f.cloudfront.net/310519663399842622/cuoraNs8SGWCiJUcwSXm4W/panels/390004-page12-bottom-left-1773116744809.png"", ""narration"": ""Yeni güçleri kontrol edilemezdi ve her kullanımda mutasyon daha da gelişiyordu."", ""position"": ""top-left"", ""speaker"": null}, {""bubbleType"": ""speech"", ""dialogue"": ""Ne yapmalıydı?"", ""imageUrl"": ""https://d2xsxph8kpxj0f.cloudfront.net/310519663399842622/cuoraNs8SGWCiJUcwSXm4W/panels/390004-page12-bottom-right-1773116749935.png"", ""narration"": ""Laboratuvarın gizli bir insan geliştirme projesi olduğunu ve güçlü bir şirketin bu teknolojiyi ele geçirmek istediğini öğrendi."", ""position"": ""top-right"", ""speaker"": ""Tolgar""}]",Mutasyonunu kabullenip bambaşka bir varlığa dönüşmek.,"Güçlerini kontrol altına alıp, kendisini avlayanlara karşı savaşmak.",390057,390058,"[""energy hum"", ""heartbeat""]",landscape,2026-03-10 04:26:38
390057,390004,13,B-A,1,"Mutasyonunu kabullenip bambaşka bir varlığa dönüşmeye karar verdi. İnsanlığını geride bırakarak, yeni formunun getirdiği tüm değişimleri benimsedi. Laboratuvardan kaçtı ve Münih'in yeraltı dünyasına karıştı. Güçleri her geçen gün artıyor, ancak aynı zamanda insanlıkla olan bağları da kopuyordu. Bir gün, onu avlamak isteyen şirketin ajanlarıyla karşılaştı. Ne yapmalıydı?",,"[{""bubbleType"": ""speech"", ""dialogue"": null, ""imageUrl"": ""https://d2xsxph8kpxj0f.cloudfront.net/310519663399842622/cuoraNs8SGWCiJUcwSXm4W/panels/390004-page13-top-1773116744807.png"", ""narration"": ""Tolgar, mutasyonunu kabullenerek insanlığını geride bırakıp bambaşka bir varlığa dönüşmeye karar verdi."", ""position"": ""top-right"", ""speaker"": null}, {""bubbleType"": ""speech"", ""dialogue"": null, ""imageUrl"": ""https://d2xsxph8kpxj0f.cloudfront.net/310519663399842622/cuoraNs8SGWCiJUcwSXm4W/panels/390004-page13-bottom-left-1773116749913.png"", ""narration"": ""Laboratuvardan kaçan Tolgar, Münih'in yeraltı dünyasına karışırken güçleri artıyor, insanlıkla bağları kopuyordu."", ""position"": ""top-left"", ""speaker"": null}, {""bubbleType"": ""speech"", ""dialogue"": ""Ne yapmalıydı?"", ""imageUrl"": ""https://d2xsxph8kpxj0f.cloudfront.net/310519663399842622/cuoraNs8SGWCiJUcwSXm4W/panels/390004-page13-bottom-right-1773116750807.png"", ""narration"": ""Bir gün, onu avlamak isteyen şirketin ajanlarıyla karşılaştığında bir karar vermek zorundaydı."", ""position"": ""top-right"", ""speaker"": ""Tolgar""}]",Güçlerini kullanarak ajanları etkisiz hale getirmek ve kaçmak.,"Ajanlarla yüzleşip, yeni varlığının gücünü onlara göstermek.",390059,390060,"[""growl"", ""wind""]",landscape,2026-03-10 04:26:38
390058,390004,14,B-B,1,"Güçlerini kontrol altına alıp, kendisini avlayanlara karşı savaşmaya karar verdi. Gizlice laboratuvardan ayrıldı ve güçlerini anlamak için izole bir yere çekildi. Meditasyon ve yoğun antrenmanlarla, vücudundaki enerjiyi yönlendirmeyi öğrendi. Artık bir silah değil, adaleti sağlamak için bir araçtı. Ancak onu avlayan şirket, izini buldu ve büyük bir çatışma kaçınılmazdı. Ne yapmalıydı?",,"[{""bubbleType"": ""speech"", ""dialogue"": null, ""imageUrl"": ""https://d2xsxph8kpxj0f.cloudfront.net/310519663399842622/cuoraNs8SGWCiJUcwSXm4W/panels/390004-page14-top-1773116744901.png"", ""narration"": ""Tolgar, güçlerini kontrol altına alıp avcılarına karşı savaşmaya karar verdi."", ""position"": ""top-right"", ""speaker"": null}, {""bubbleType"": ""speech"", ""dialogue"": null, ""imageUrl"": ""https://d2xsxph8kpxj0f.cloudfront.net/310519663399842622/cuoraNs8SGWCiJUcwSXm4W/panels/390004-page14-bottom-left-1773116750844.png"", ""narration"": ""Laboratuvardan gizlice ayrılan Tolgar, güçlerini anlamak için izole bir yere çekildi ve yoğun antrenmanlarla enerjisini yönlendirmeyi öğrendi."", ""position"": ""top-left"", ""speaker"": null}, {""bubbleType"": ""speech"", ""dialogue"": ""Ne yapmalıydı?"", ""imageUrl"": ""https://d2xsxph8kpxj0f.cloudfront.net/310519663399842622/cuoraNs8SGWCiJUcwSXm4W/panels/390004-page14-bottom-right-1773116756701.png"", ""narration"": ""Şirket Tolgar'ın izini bulur ve büyük bir çatışma kaçınılmaz hale gelirken, Tolgar ne yapmalıydı?"", ""position"": ""top-right"", ""speaker"": ""Tolgar""}]","Şirketin ana üssüne sızıp, projenin tüm verilerini yok etmek.",Şirketin ajanlarına karşı açıkça savaşmak ve onları alt etmek.,390061,390062,"[""training sounds"", ""focused breathing""]",landscape,2026-03-10 04:26:38
390059,390004,15,B-A-A,0,"Güçlerini kullanarak ajanları etkisiz hale getirdi ve kaçtı. Ancak bu olay, Tolgar'ın insanlıktan tamamen uzaklaşmasına neden oldu. Şehrin karanlık köşelerinde, efsanevi bir varlık olarak yaşamaya başladı. Artık ne iyi ne de kötüydü, sadece kendi varoluşunun peşindeydi. İnsanlık onu unuttu, ancak yeraltı dünyasında adı fısıltılarla anılmaya devam etti: 'Deney 27'.",,"[{""bubbleType"": ""speech"", ""dialogue"": null, ""imageUrl"": ""https://d2xsxph8kpxj0f.cloudfront.net/310519663399842622/cuoraNs8SGWCiJUcwSXm4W/panels/390004-page15-top-1773116749870.png"", ""narration"": ""Güçlerini kullanarak ajanları etkisiz hale getirdi ve kaçtı."", ""position"": ""top-right"", ""speaker"": null}, {""bubbleType"": ""speech"", ""dialogue"": null, ""imageUrl"": ""https://d2xsxph8kpxj0f.cloudfront.net/310519663399842622/cuoraNs8SGWCiJUcwSXm4W/panels/390004-page15-bottom-left-1773116750811.png"", ""narration"": ""Ancak bu olay, Tolgar'ın insanlıktan tamamen uzaklaşmasına neden oldu. Şehrin karanlık köşelerinde, efsanevi bir varlık olarak yaşamaya başladı. Artık ne iyi ne de kötüydü, sadece kendi varoluşunun peşindeydi."", ""position"": ""top-left"", ""speaker"": null}, {""bubbleType"": ""speech"", ""dialogue"": ""'Deney 27'"", ""imageUrl"": ""https://d2xsxph8kpxj0f.cloudfront.net/310519663399842622/cuoraNs8SGWCiJUcwSXm4W/panels/390004-page15-bottom-right-1773116751005.png"", ""narration"": ""İnsanlık onu unuttu, ancak yeraltı dünyasında adı fısıltılarla anılmaya devam etti."", ""position"": ""top-right"", ""speaker"": null}]",,,,,"[""howl"", ""echo""]",landscape,2026-03-10 04:26:38
390060,390004,16,B-A-B,0,"Ajanlarla yüzleşip, yeni varlığının gücünü onlara gösterdi. Çatışma şiddetliydi, Tolgar'ın kontrolsüz gücü her şeyi yerle bir etti. Ajanlar yenildi, ancak bu zafer Tolgar'a pahalıya mal oldu. Vücudu tamamen değişmiş, artık geri dönüşü olmayan bir noktaya gelmişti. Münih'in korkulan, efsanevi bir canavarı haline geldi. Güçlü şirket, onu bir tehdit olarak görmeyi bıraktı, çünkü o artık bir insan değildi, sadece bir yıkım gücüydü.",,"[{""bubbleType"": ""speech"", ""dialogue"": null, ""imageUrl"": ""https://d2xsxph8kpxj0f.cloudfront.net/310519663399842622/cuoraNs8SGWCiJUcwSXm4W/panels/390004-page16-top-1773116762706.png"", ""narration"": ""Tolgar, ajanlarla yüzleşir ve yeni gücünü sergilerken çatışma şiddetlenir."", ""position"": ""top-right"", ""speaker"": null}, {""bubbleType"": ""speech"", ""dialogue"": null, ""imageUrl"": ""https://d2xsxph8kpxj0f.cloudfront.net/310519663399842622/cuoraNs8SGWCiJUcwSXm4W/panels/390004-page16-bottom-left-1773116762968.png"", ""narration"": ""Ajanlar yenilir, ancak Tolgar'ın vücudu geri dönüşü olmayan bir şekilde değişmiştir."", ""position"": ""top-left"", ""speaker"": null}, {""bubbleType"": ""speech"", ""dialogue"": null, ""imageUrl"": ""https://d2xsxph8kpxj0f.cloudfront.net/310519663399842622/cuoraNs8SGWCiJUcwSXm4W/panels/390004-page16-bottom-right-1773116768636.png"", ""narration"": ""Münih'in korkulan canavarı haline gelen Tolgar, şirket için artık bir tehdit değil, yıkım gücüdür."", ""position"": ""top-right"", ""speaker"": null}]",,,,,"[""explosion"", ""roar""]",landscape,2026-03-10 04:26:38
390061,390004,17,B-B-A,0,"Şirketin ana üssüne sızıp, projenin tüm verilerini yok etmeye karar verdi. Gizlice içeri girdi, keskin duyuları ve artan gücü sayesinde güvenlik sistemlerini aştı. Veri merkezine ulaştığında, tüm bilgileri silerek projenin sonunu getirdi. Ancak kaçışı sırasında çıkan çatışmada ağır yaralandı. Güçlerini son bir kez kullanarak kendini iyileştirdi, ancak bu onu çok yordu. Artık normal bir hayat sürebilirdi, ancak güçlerinin bedelini ödemişti. Bir kahraman olarak anılacak, ama sıradan bir insan olarak yaşayacaktı.",,"[{""bubbleType"": ""speech"", ""dialogue"": null, ""imageUrl"": ""https://d2xsxph8kpxj0f.cloudfront.net/310519663399842622/cuoraNs8SGWCiJUcwSXm4W/panels/390004-page17-top-1773116782800.png"", ""narration"": ""Tolgar, şirketin ana üssüne sızarak güvenlik sistemlerini aştı ve projenin tüm verilerini yok etti."", ""position"": ""top-right"", ""speaker"": null}, {""bubbleType"": ""speech"", ""dialogue"": null, ""imageUrl"": ""https://d2xsxph8kpxj0f.cloudfront.net/310519663399842622/cuoraNs8SGWCiJUcwSXm4W/panels/390004-page17-bottom-left-1773116786714.png"", ""narration"": ""Kaçışı sırasında çıkan çatışmada ağır yaralandı, ancak güçlerini kullanarak kendini son bir kez iyileştirdi."", ""position"": ""top-left"", ""speaker"": null}, {""bubbleType"": ""speech"", ""dialogue"": null, ""imageUrl"": ""https://d2xsxph8kpxj0f.cloudfront.net/310519663399842622/cuoraNs8SGWCiJUcwSXm4W/panels/390004-page17-bottom-right-1773116792708.png"", ""narration"": ""Güçlerinin bedelini ödeyen Tolgar, artık normal bir hayat sürecek, bir kahraman olarak anılacak ama sıradan bir insan olarak yaşayacaktı."", ""position"": ""top-right"", ""speaker"": null}]",,,,,"[""hacking"", ""explosion""]",landscape,2026-03-10 04:26:38
390062,390004,18,B-B-B,0,"Şirketin ajanlarına karşı açıkça savaşmaya ve onları alt etmeye karar verdi. Münih sokaklarında destansı bir çatışma yaşandı. Tolgar, güçlerini ustaca kullanarak tüm ajanları teker teker etkisiz hale getirdi. Şirket, bu yenilgi karşısında geri çekilmek zorunda kaldı. Tolgar, artık Münih'in koruyucusu, adaletin sembolü olmuştu. Güçlerini insanlığın iyiliği için kullanmaya yemin etti ve 'Deney 27' artık bir korku hikayesi değil, bir umut ışığıydı.",,"[{""bubbleType"": ""speech"", ""dialogue"": null, ""imageUrl"": ""https://d2xsxph8kpxj0f.cloudfront.net/310519663399842622/cuoraNs8SGWCiJUcwSXm4W/panels/390004-page18-top-1773116782937.png"", ""narration"": ""Tolgar, şirketin ajanlarına karşı açıkça savaşmaya karar verdi ve Münih sokaklarında destansı bir çatışma yaşandı."", ""position"": ""top-right"", ""speaker"": null}, {""bubbleType"": ""speech"", ""dialogue"": null, ""imageUrl"": ""https://d2xsxph8kpxj0f.cloudfront.net/310519663399842622/cuoraNs8SGWCiJUcwSXm4W/panels/390004-page18-bottom-left-1773116792704.png"", ""narration"": ""Tolgar, güçlerini ustaca kullanarak tüm ajanları teker teker etkisiz hale getirdi ve şirket geri çekilmek zorunda kaldı."", ""position"": ""top-left"", ""speaker"": null}, {""bubbleType"": ""speech"", ""dialogue"": null, ""imageUrl"": ""https://d2xsxph8kpxj0f.cloudfront.net/310519663399842622/cuoraNs8SGWCiJUcwSXm4W/panels/390004-page18-bottom-right-1773116793844.png"", ""narration"": ""Tolgar, Münih'in koruyucusu, adaletin sembolü olmuştu ve 'Deney 27' artık bir umut ışığıydı."", ""position"": ""top-right"", ""speaker"": null}]",,,,,"[""heroic music"", ""battle""]",landscape,2026-03-10 04:26:38
420001,420001,1,root,0,"Münih'teki laboratuvarın soğuk ışıkları altında Tolgar, insan hücrelerinin kendini onarma kapasitesini artırmaya yönelik projesi üzerinde çalışıyordu. Gecenin geç saatleriydi ve laboratuvar neredeyse boştu. Deney tüplerindeki parlak mavi serum, Tolgar'ın yorgun ama kararlı yüzünü aydınlatıyordu. Bir anlık dalgınlık, her şeyi değiştirecekti.",,"[{""bubbleType"": ""speech"", ""dialogue"": null, ""imageUrl"": ""https://d2xsxph8kpxj0f.cloudfront.net/310519663399842622/cuoraNs8SGWCiJUcwSXm4W/panels/420001-page1-top-1773419725807.png"", ""narration"": ""In a cold Munich lab, Tolgar works on his cell repair project late at night."", ""position"": ""top-right"", ""speaker"": null}, {""bubbleType"": ""speech"", ""dialogue"": null, ""imageUrl"": ""https://d2xsxph8kpxj0f.cloudfront.net/310519663399842622/cuoraNs8SGWCiJUcwSXm4W/panels/420001-page1-bottom-left-1773419731381.png"", ""narration"": ""Bright blue serum in test tubes illuminates Tolgar's tired yet determined face."", ""position"": ""top-left"", ""speaker"": null}, {""bubbleType"": ""speech"", ""dialogue"": null, ""imageUrl"": ""https://d2xsxph8kpxj0f.cloudfront.net/310519663399842622/cuoraNs8SGWCiJUcwSXm4W/panels/420001-page1-bottom-right-1773419736586.png"", ""narration"": ""A moment of distraction is about to change everything for Tolgar."", ""position"": ""top-right"", ""speaker"": null}]",,,,,"[""laboratuvar"", ""uğultu"", ""cam kırılması""]",landscape,2026-03-13 16:38:26
420002,420001,2,root,1,"Tolgar, elindeki deneysel serum tüpünü yanlışlıkla düşürdü. Tüp yere düşer düşmez paramparça oldu ve içindeki parlak mavi sıvı, Tolgar'ın koruyucu giysisindeki küçük bir yırtıktan cildine sızdı. Keskin bir acı hissetti, ardından vücudunda garip bir karıncalanma yayıldı. Ne yapacağını bilemez halde, şaşkınlıkla etrafına bakındı.",,"[{""bubbleType"": ""speech"", ""dialogue"": null, ""imageUrl"": ""https://d2xsxph8kpxj0f.cloudfront.net/310519663399842622/cuoraNs8SGWCiJUcwSXm4W/panels/420001-page2-top-1773419731224.png"", ""narration"": ""Tolgar, elindeki deneysel serum tüpünü yanlışlıkla düşürdü."", ""position"": ""top-right"", ""speaker"": null}, {""bubbleType"": ""speech"", ""dialogue"": null, ""imageUrl"": ""https://d2xsxph8kpxj0f.cloudfront.net/310519663399842622/cuoraNs8SGWCiJUcwSXm4W/panels/420001-page2-bottom-left-1773419736788.png"", ""narration"": ""Tüp yere düşer düşmez paramparça oldu ve içindeki parlak mavi sıvı, Tolgar'ın koruyucu giysisindeki küçük bir yırtıktan cildine sızdı."", ""position"": ""top-left"", ""speaker"": null}, {""bubbleType"": ""speech"", ""dialogue"": null, ""imageUrl"": ""https://d2xsxph8kpxj0f.cloudfront.net/310519663399842622/cuoraNs8SGWCiJUcwSXm4W/panels/420001-page2-bottom-right-1773419742006.png"", ""narration"": ""Keskin bir acı hissetti, ardından vücudunda garip bir karıncalanma yayıldı. Ne yapacağını bilemez halde, şaşkınlıkla etrafına bakındı."", ""position"": ""top-right"", ""speaker"": null}]",Hemen tıbbi yardım ara ve durumu rapor et.,"Kimseye bir şey söyleme, etkilerini gözlemle.",420003,420004,"[""şok"", ""karıncalanma"", ""sessizlik""]",landscape,2026-03-13 16:38:27
420003,420001,3,A,0,"Tolgar, hızla laboratuvarın acil durum hattını aradı ve durumu rapor etti. Kısa süre içinde bir tıbbi ekip olay yerine geldi. Serumun etkileri hakkında bilgi vermesi istendiğinde, Tolgar'ın sesi düşünceli ve biraz gergindi. ""Sadece küçük bir temas,"" diye mırıldandı, gerçek etkileri tam olarak anlamadan.",,"[{""bubbleType"": ""speech"", ""dialogue"": null, ""imageUrl"": ""https://d2xsxph8kpxj0f.cloudfront.net/310519663399842622/cuoraNs8SGWCiJUcwSXm4W/panels/420001-page3-top-1773419736580.png"", ""narration"": ""Tolgar, laboratuvarın acil durum hattını arayarak durumu rapor etti."", ""position"": ""top-right"", ""speaker"": null}, {""bubbleType"": ""speech"", ""dialogue"": null, ""imageUrl"": ""https://d2xsxph8kpxj0f.cloudfront.net/310519663399842622/cuoraNs8SGWCiJUcwSXm4W/panels/420001-page3-bottom-left-1773419742002.png"", ""narration"": ""Kısa süre içinde bir tıbbi ekip olay yerine geldi ve bilgi istedi."", ""position"": ""top-left"", ""speaker"": null}, {""bubbleType"": ""speech"", ""dialogue"": ""Sadece küçük bir temas."", ""imageUrl"": ""https://d2xsxph8kpxj0f.cloudfront.net/310519663399842622/cuoraNs8SGWCiJUcwSXm4W/panels/420001-page3-bottom-right-1773419747198.png"", ""narration"": ""Tolgar'ın sesi düşünceli ve gergindi, etkileri tam anlamadı."", ""position"": ""top-right"", ""speaker"": ""Tolgar""}]",,,,,"[""telefon"", ""siren"", ""endişe""]",landscape,2026-03-13 16:38:28
420004,420001,4,B,0,"Tolgar, kimseye bir şey söylememeye karar verdi. Cildindeki karıncalanma yavaş yavaş azaldı ama içten gelen garip bir enerji hissi tüm vücuduna yayılmıştı. Laboratuvardan ayrılırken adımları her zamankinden daha hafif, duyuları ise keskinleşmişti. Bu gizemi kendi başına çözmeye kararlıydı.",,"[{""bubbleType"": ""speech"", ""dialogue"": null, ""imageUrl"": ""https://d2xsxph8kpxj0f.cloudfront.net/310519663399842622/cuoraNs8SGWCiJUcwSXm4W/panels/420001-page4-top-1773419726088.png"", ""narration"": ""Tolgar, yaşadığı garip olayı kimseye anlatmamaya karar verirken cildindeki karıncalanma azalır."", ""position"": ""top-right"", ""speaker"": null}, {""bubbleType"": ""speech"", ""dialogue"": null, ""imageUrl"": ""https://d2xsxph8kpxj0f.cloudfront.net/310519663399842622/cuoraNs8SGWCiJUcwSXm4W/panels/420001-page4-bottom-left-1773419731390.png"", ""narration"": ""Ancak içten gelen garip bir enerji tüm vücuduna yayılmış, onu farklı hissettirmiştir."", ""position"": ""top-left"", ""speaker"": null}, {""bubbleType"": ""speech"", ""dialogue"": null, ""imageUrl"": ""https://d2xsxph8kpxj0f.cloudfront.net/310519663399842622/cuoraNs8SGWCiJUcwSXm4W/panels/420001-page4-bottom-right-1773419736591.png"", ""narration"": ""Laboratuvardan ayrılırken adımları hafif, duyuları keskinleşmiş Tolgar, bu gizemi tek başına çözmeye kararlıdır."", ""position"": ""top-right"", ""speaker"": null}]",,,,,"[""nefes alma"", ""kalp atışı"", ""uğultu""]",landscape,2026-03-13 16:38:29
420005,420001,5,A,0,"Tıbbi ekip, Tolgar'ı detaylı bir kontrolden geçirdi. İlk testler herhangi bir anormallik göstermedi. Ancak Tolgar, içten içe bir şeylerin değiştiğini hissediyordu. Duyuları keskinleşmiş, çevresindeki sesleri ve kokuları daha yoğun algılamaya başlamıştı. Doktorlar onu eve gönderirken, Tolgar'ın zihni bu yeni hislerle doluydu.",,"[{""bubbleType"": ""speech"", ""dialogue"": null, ""imageUrl"": ""https://d2xsxph8kpxj0f.cloudfront.net/310519663399842622/cuoraNs8SGWCiJUcwSXm4W/panels/420001-page5-top-1773419726413.png"", ""narration"": ""Tıbbi ekip, Tolgar'ı detaylı bir kontrolden geçirdi ve ilk testler anormallik göstermedi."", ""position"": ""top-right"", ""speaker"": null}, {""bubbleType"": ""speech"", ""dialogue"": null, ""imageUrl"": ""https://d2xsxph8kpxj0f.cloudfront.net/310519663399842622/cuoraNs8SGWCiJUcwSXm4W/panels/420001-page5-bottom-left-1773419736605.png"", ""narration"": ""Tolgar içten içe bir şeylerin değiştiğini, duyularının keskinleştiğini hissediyordu."", ""position"": ""top-left"", ""speaker"": null}, {""bubbleType"": ""speech"", ""dialogue"": null, ""imageUrl"": ""https://d2xsxph8kpxj0f.cloudfront.net/310519663399842622/cuoraNs8SGWCiJUcwSXm4W/panels/420001-page5-bottom-right-1773419741999.png"", ""narration"": ""Doktorlar onu eve gönderirken, Tolgar'ın zihni bu yeni yoğun hislerle doluydu."", ""position"": ""top-right"", ""speaker"": null}]",,,,,"[""tıbbi ekipman"", ""nabız"", ""sessizlik""]",landscape,2026-03-13 16:38:29
420006,420001,6,B,0,"Sonraki birkaç gün boyunca Tolgar, vücudundaki değişimleri dikkatle gözlemledi. Geceleri uyumakta zorlanıyor, en ufak bir sesi bile duyabiliyordu. Bir sabah aynaya baktığında, gözlerinin her zamankinden daha parlak olduğunu fark etti. Fiziksel gücü de artmış gibiydi; ağır nesneleri kolayca kaldırabiliyordu. Bu durum onu hem heyecanlandırıyor hem de korkutuyordu.",,"[{""bubbleType"": ""speech"", ""dialogue"": null, ""imageUrl"": ""https://d2xsxph8kpxj0f.cloudfront.net/310519663399842622/cuoraNs8SGWCiJUcwSXm4W/panels/420001-page6-top-1773419769479.png"", ""narration"": ""Tolgar, vücudundaki değişimleri dikkatle gözlemleyerek uykusuz geceler geçiriyor."", ""position"": ""top-right"", ""speaker"": null}, {""bubbleType"": ""speech"", ""dialogue"": null, ""imageUrl"": ""https://d2xsxph8kpxj0f.cloudfront.net/310519663399842622/cuoraNs8SGWCiJUcwSXm4W/panels/420001-page6-bottom-left-1773419775636.png"", ""narration"": ""Bir sabah aynaya baktığında, gözlerinin parlaklaştığını ve fiziksel gücünün arttığını fark eder."", ""position"": ""top-left"", ""speaker"": null}, {""bubbleType"": ""speech"", ""dialogue"": null, ""imageUrl"": ""https://d2xsxph8kpxj0f.cloudfront.net/310519663399842622/cuoraNs8SGWCiJUcwSXm4W/panels/420001-page6-bottom-right-1773419779786.png"", ""narration"": ""Bu yeni güç, Tolgar'ı hem heyecanlandırıyor hem de bilinmeyene karşı korkutuyor."", ""position"": ""top-right"", ""speaker"": null}]",,,,,"[""nefes alma"", ""kalp atışı"", ""uğultu""]",landscape,2026-03-13 16:38:30
420007,420001,7,A,1,"Laboratuvara döndüğünde, Tolgar'ın meslektaşları ona endişeli gözlerle bakıyordu. Şirket yönetimi, serum kazası hakkında soruşturma başlatmıştı. Tolgar'ın içgüdüleri, bu serumun sadece hücre yenilenmesini hızlandırmakla kalmayıp, çok daha fazlasını yaptığını söylüyordu. Şirketin gizli bir gündemi olabileceği şüphesi zihnini kemiriyordu.",,"[{""bubbleType"": ""speech"", ""dialogue"": null, ""imageUrl"": ""https://d2xsxph8kpxj0f.cloudfront.net/310519663399842622/cuoraNs8SGWCiJUcwSXm4W/panels/420001-page7-top-1773419768893.png"", ""narration"": ""Tolgar returns to the lab, met by his colleagues' worried gazes."", ""position"": ""top-right"", ""speaker"": null}, {""bubbleType"": ""speech"", ""dialogue"": null, ""imageUrl"": ""https://d2xsxph8kpxj0f.cloudfront.net/310519663399842622/cuoraNs8SGWCiJUcwSXm4W/panels/420001-page7-bottom-left-1773419775402.png"", ""narration"": ""A company investigation begins into the serum accident."", ""position"": ""top-left"", ""speaker"": null}, {""bubbleType"": ""speech"", ""dialogue"": null, ""imageUrl"": ""https://d2xsxph8kpxj0f.cloudfront.net/310519663399842622/cuoraNs8SGWCiJUcwSXm4W/panels/420001-page7-bottom-right-1773419775585.png"", ""narration"": ""Tolgar suspects the serum does more than regenerate cells, hinting at a hidden agenda."", ""position"": ""top-right"", ""speaker"": null}]",Şirketin gizli gündemini araştırmaya başla.,Güçlerini saklamaya ve normal hayatına dönmeye çalış.,420008,420009,"[""fısıltılar"", ""gerginlik"", ""ayak sesleri""]",landscape,2026-03-13 16:38:30
420008,420001,8,A-A,0,"Tolgar, şirket bilgisayar sistemlerine sızarak gizli projelere dair ipuçları aramaya başladı. Kısa sürede, çalıştığı laboratuvarın 'İnsan Geliştirme Projesi' adı altında gizli deneyler yürüttüğünü keşfetti. Serum, sadece hücre yenilenmesi için değil, insanüstü yetenekler kazandırmak için tasarlanmıştı. Tolgar, bir denek haline gelmişti.",,"[{""bubbleType"": ""speech"", ""dialogue"": null, ""imageUrl"": ""https://d2xsxph8kpxj0f.cloudfront.net/310519663399842622/cuoraNs8SGWCiJUcwSXm4W/panels/420001-page8-top-1773419779920.png"", ""narration"": ""Tolgar, şirket bilgisayar sistemlerine sızarak gizli projelere dair ipuçları aramaya başladı."", ""position"": ""top-right"", ""speaker"": null}, {""bubbleType"": ""speech"", ""dialogue"": null, ""imageUrl"": ""https://d2xsxph8kpxj0f.cloudfront.net/310519663399842622/cuoraNs8SGWCiJUcwSXm4W/panels/420001-page8-bottom-left-1773419783693.png"", ""narration"": ""Kısa sürede, çalıştığı laboratuvarın 'İnsan Geliştirme Projesi' adı altında gizli deneyler yürüttüğünü keşfetti."", ""position"": ""top-left"", ""speaker"": null}, {""bubbleType"": ""speech"", ""dialogue"": null, ""imageUrl"": ""https://d2xsxph8kpxj0f.cloudfront.net/310519663399842622/cuoraNs8SGWCiJUcwSXm4W/panels/420001-page8-bottom-right-1773419783890.png"", ""narration"": ""Serum, sadece hücre yenilenmesi için değil, insanüstü yetenekler kazandırmak için tasarlanmıştı; Tolgar, bir denek haline gelmişti."", ""position"": ""top-right"", ""speaker"": null}]",,,,,"[""klavye"", ""bilgisayar"", ""gergin müzik""]",landscape,2026-03-13 16:38:30
420009,420001,9,A-B,0,"Tolgar, güçlerini saklamaya ve normal hayatına dönmeye karar verdi. Ancak bu hiç de kolay değildi. Keskinleşen duyuları ve artan gücü, günlük yaşamında sürekli sorunlar yaratıyordu. En ufak bir gürültü bile onu rahatsız ediyor, sıradan işler bile aşırı efor gerektiriyordu. İçindeki değişim, onu giderek daha fazla zorluyordu.",,"[{""bubbleType"": ""speech"", ""dialogue"": null, ""imageUrl"": ""https://d2xsxph8kpxj0f.cloudfront.net/310519663399842622/cuoraNs8SGWCiJUcwSXm4W/panels/420001-page9-top-1773419769684.png"", ""narration"": ""Tolgar, yeni güçlerini gizleyerek sıradan bir hayat sürmeye çalışır."", ""position"": ""top-right"", ""speaker"": null}, {""bubbleType"": ""speech"", ""dialogue"": null, ""imageUrl"": ""https://d2xsxph8kpxj0f.cloudfront.net/310519663399842622/cuoraNs8SGWCiJUcwSXm4W/panels/420001-page9-bottom-left-1773419779709.png"", ""narration"": ""Keskinleşen duyuları ve artan gücü, günlük yaşamında sürekli sorunlara yol açar."", ""position"": ""top-left"", ""speaker"": null}, {""bubbleType"": ""speech"", ""dialogue"": null, ""imageUrl"": ""https://d2xsxph8kpxj0f.cloudfront.net/310519663399842622/cuoraNs8SGWCiJUcwSXm4W/panels/420001-page9-bottom-right-1773419781514.png"", ""narration"": ""En ufak gürültü bile onu rahatsız ederken, içindeki değişim onu zorlar."", ""position"": ""top-right"", ""speaker"": null}]",,,,,"[""kalabalık"", ""uğultu"", ""hayal kırıklığı""]",landscape,2026-03-13 16:38:30
420010,420001,10,B,1,"Tolgar'ın güçleri her geçen gün daha da belirginleşiyordu. Bir gün, laboratuvarda çalışırken, elindeki bir aletin aniden eridiğini fark etti. Vücudu gizemli bir enerji üretebiliyordu, ancak bu enerjiyi kontrol edemiyordu. Bu durum, onu hem korkutuyor hem de yeni bir dünyanın kapılarını aralıyordu. Bu gücü ne yapacaktı?",,"[{""bubbleType"": ""speech"", ""dialogue"": null, ""imageUrl"": ""https://d2xsxph8kpxj0f.cloudfront.net/310519663399842622/cuoraNs8SGWCiJUcwSXm4W/panels/420001-page10-top-1773419779908.png"", ""narration"": ""Tolgar, laboratuvarda çalışırken elindeki aletin eridiğini şaşkınlıkla fark eder."", ""position"": ""top-right"", ""speaker"": null}, {""bubbleType"": ""speech"", ""dialogue"": null, ""imageUrl"": ""https://d2xsxph8kpxj0f.cloudfront.net/310519663399842622/cuoraNs8SGWCiJUcwSXm4W/panels/420001-page10-bottom-left-1773419783679.png"", ""narration"": ""Vücudundan kontrolsüzce yayılan gizemli enerjiyi dehşet içinde hisseder."", ""position"": ""top-left"", ""speaker"": null}, {""bubbleType"": ""speech"", ""dialogue"": ""Bu gücü ne yapacaktı?"", ""imageUrl"": ""https://d2xsxph8kpxj0f.cloudfront.net/310519663399842622/cuoraNs8SGWCiJUcwSXm4W/panels/420001-page10-bottom-right-1773419783847.png"", ""narration"": ""Tolgar, bu yeni ve korkutucu gücün gelecekteki etkilerini düşünürken endişelenir."", ""position"": ""top-right"", ""speaker"": ""Tolgar""}]",Güçlerini kontrol etmeyi öğrenmeye çalış.,Bu güçten kurtulmanın bir yolunu bulmaya çalış.,420011,420012,"[""enerji"", ""titreşim"", ""şok""]",landscape,2026-03-13 16:38:30
420011,420001,11,B-A,0,"Tolgar, gizlice güçlerini kontrol etme alıştırmaları yapmaya başladı. Odaklanarak küçük nesneleri hareket ettirmeye çalışıyor, enerjiyi yönlendirme yollarını arıyordu. Her deneme, vücudunda yeni bir mutasyonun tetiklenmesine neden oluyordu. Bu süreç, Tolgar'ı fiziksel ve zihinsel olarak zorluyordu ama o kararlıydı.",,"[{""bubbleType"": ""speech"", ""dialogue"": null, ""imageUrl"": ""https://d2xsxph8kpxj0f.cloudfront.net/310519663399842622/cuoraNs8SGWCiJUcwSXm4W/panels/420001-page11-top-1773419810328.png"", ""narration"": ""Tolgar, gizlice güçlerini kontrol etme alıştırmalarına başlıyor."", ""position"": ""top-right"", ""speaker"": null}, {""bubbleType"": ""speech"", ""dialogue"": null, ""imageUrl"": ""https://d2xsxph8kpxj0f.cloudfront.net/310519663399842622/cuoraNs8SGWCiJUcwSXm4W/panels/420001-page11-bottom-left-1773419815089.png"", ""narration"": ""Odaklanarak küçük nesneleri hareket ettirmeye çalışıyor ve enerjiyi yönlendirme yollarını arıyor."", ""position"": ""top-left"", ""speaker"": null}, {""bubbleType"": ""speech"", ""dialogue"": null, ""imageUrl"": ""https://d2xsxph8kpxj0f.cloudfront.net/310519663399842622/cuoraNs8SGWCiJUcwSXm4W/panels/420001-page11-bottom-right-1773419815390.png"", ""narration"": ""Her deneme yeni bir mutasyonu tetikliyor, Tolgar'ı zorluyor ama o kararlı."", ""position"": ""top-right"", ""speaker"": null}]",,,,,"[""uğultu"", ""odaklanma"", ""çatlama""]",landscape,2026-03-13 16:38:30
420012,420001,12,B-B,0,"Tolgar, bu tehlikeli güçten kurtulmanın yollarını aramaya başladı. Laboratuvarın veri tabanlarını, serumun yan etkileri ve antidotları hakkında bilgi bulmak için taradı. Ancak bulduğu her bilgi, serumun geri döndürülemez etkileri olduğunu gösteriyordu. Umutsuzluk, Tolgar'ın içini kemiriyordu.",,"[{""bubbleType"": ""speech"", ""dialogue"": null, ""imageUrl"": ""https://d2xsxph8kpxj0f.cloudfront.net/310519663399842622/cuoraNs8SGWCiJUcwSXm4W/panels/420001-page12-top-1773419820708.png"", ""narration"": ""Tolgar, bu tehlikeli güçten kurtulmanın yollarını aramaya başladı."", ""position"": ""top-right"", ""speaker"": null}, {""bubbleType"": ""speech"", ""dialogue"": null, ""imageUrl"": ""https://d2xsxph8kpxj0f.cloudfront.net/310519663399842622/cuoraNs8SGWCiJUcwSXm4W/panels/420001-page12-bottom-left-1773419825802.png"", ""narration"": ""Laboratuvarın veri tabanlarını, serumun yan etkileri ve antidotları hakkında bilgi bulmak için taradı."", ""position"": ""top-left"", ""speaker"": null}, {""bubbleType"": ""speech"", ""dialogue"": null, ""imageUrl"": ""https://d2xsxph8kpxj0f.cloudfront.net/310519663399842622/cuoraNs8SGWCiJUcwSXm4W/panels/420001-page12-bottom-right-1773419830980.png"", ""narration"": ""Ancak bulduğu her bilgi, serumun geri döndürülemez etkileri olduğunu gösteriyordu. Umutsuzluk, Tolgar'ın içini kemiriyordu."", ""position"": ""top-right"", ""speaker"": null}]",,,,,"[""klavye"", ""hızlı nefes"", ""hayal kırıklığı""]",landscape,2026-03-13 16:38:30
420013,420001,13,A-A,1,"Şirketin gizli projesini keşfettikten sonra Tolgar, büyük bir tehlikenin içinde olduğunu anladı. Şirket, onu yakalamak ve güçlerini kendi çıkarları için kullanmak isteyecekti. Artık bir denek değil, bir hedefti. Ne yapacağına karar vermeliydi: Kaçacak mıydı, yoksa savaşacak mıydı?",,"[{""bubbleType"": ""speech"", ""dialogue"": null, ""imageUrl"": ""https://d2xsxph8kpxj0f.cloudfront.net/310519663399842622/cuoraNs8SGWCiJUcwSXm4W/panels/420001-page13-top-1773419815181.png"", ""narration"": ""Tolgar, şirketin gizli projesini keşfettikten sonra büyük bir tehlikenin içinde olduğunu fark etti."", ""position"": ""top-right"", ""speaker"": null}, {""bubbleType"": ""speech"", ""dialogue"": null, ""imageUrl"": ""https://d2xsxph8kpxj0f.cloudfront.net/310519663399842622/cuoraNs8SGWCiJUcwSXm4W/panels/420001-page13-bottom-left-1773419820688.png"", ""narration"": ""Şirket, onu yakalamak ve güçlerini kendi çıkarları için kullanmak istiyordu; artık bir denek değil, bir hedefti."", ""position"": ""top-left"", ""speaker"": null}, {""bubbleType"": ""speech"", ""dialogue"": null, ""imageUrl"": ""https://d2xsxph8kpxj0f.cloudfront.net/310519663399842622/cuoraNs8SGWCiJUcwSXm4W/panels/420001-page13-bottom-right-1773419825498.png"", ""narration"": ""Tolgar, kaçmak ya da savaşmak arasında bir karar vermeliydi."", ""position"": ""top-right"", ""speaker"": null}]",Şirketten kaç ve saklan.,Şirketle yüzleş ve gerçeği ortaya çıkar.,420014,420015,"[""gergin müzik"", ""kalp atışı"", ""alarm""]",landscape,2026-03-13 16:38:30
420014,420001,14,A-A-A,1,"Tolgar, şirketten kaçmaya karar verdi. Kimliğini gizleyerek, Münih'ten uzaklaşmaya çalıştı. Ancak şirket, onun izini sürmekte kararlıydı. Her köşe başında bir tehdit hissediyor, sürekli tetikte yaşıyordu. Yeni güçleri, kaçışında ona yardımcı olsa da, yalnızlık ve korku Tolgar'ı sarıyordu.",,"[{""bubbleType"": ""speech"", ""dialogue"": null, ""imageUrl"": ""https://d2xsxph8kpxj0f.cloudfront.net/310519663399842622/cuoraNs8SGWCiJUcwSXm4W/panels/420001-page14-top-1773419820887.png"", ""narration"": ""Tolgar, şirketten kaçmaya karar verir ve Münih'ten uzaklaşmaya çalışır."", ""position"": ""top-right"", ""speaker"": null}, {""bubbleType"": ""speech"", ""dialogue"": null, ""imageUrl"": ""https://d2xsxph8kpxj0f.cloudfront.net/310519663399842622/cuoraNs8SGWCiJUcwSXm4W/panels/420001-page14-bottom-left-1773419825799.png"", ""narration"": ""Şirket onun izini sürerken, Tolgar her köşe başında bir tehdit hisseder."", ""position"": ""top-left"", ""speaker"": null}, {""bubbleType"": ""speech"", ""dialogue"": null, ""imageUrl"": ""https://d2xsxph8kpxj0f.cloudfront.net/310519663399842622/cuoraNs8SGWCiJUcwSXm4W/panels/420001-page14-bottom-right-1773419830985.png"", ""narration"": ""Yeni güçleri ona yardımcı olsa da, yalnızlık ve korku Tolgar'ı sarar."", ""position"": ""top-right"", ""speaker"": null}]",Güçlerini kullanarak peşindekilerden kurtul.,Sivil bir hayat kurmaya çalış ve güçlerini gizle.,420016,420017,"[""ayak sesleri"", ""rüzgar"", ""gerginlik""]",landscape,2026-03-13 16:38:30
420015,420001,15,A-A-B,0,"Tolgar, şirketin karşısına dikilmeye karar verdi. Topladığı tüm kanıtlarla birlikte, şirketin gizli 'İnsan Geliştirme Projesi'ni kamuoyuna ifşa etti. Bu cesur hamle, büyük bir skandala yol açtı. Şirket yöneticileri tutuklandı ve Tolgar, bir kahraman olarak anılmaya başlandı. Ancak güçleri hala onunla ve her zaman bir tehdit olmaya devam edecekti. Tolgar, yeni bir başlangıç yapmaya hazırdı, ama artık asla eskisi gibi olmayacaktı. Kahramanlık bedeli ağırdı.",,"[{""bubbleType"": ""speech"", ""dialogue"": null, ""imageUrl"": ""https://d2xsxph8kpxj0f.cloudfront.net/310519663399842622/cuoraNs8SGWCiJUcwSXm4W/panels/420001-page15-top-1773419825484.png"", ""narration"": ""Tolgar, şirketin gizli 'İnsan Geliştirme Projesi'ni tüm kanıtlarla kamuoyuna ifşa etti."", ""position"": ""top-right"", ""speaker"": null}, {""bubbleType"": ""speech"", ""dialogue"": null, ""imageUrl"": ""https://d2xsxph8kpxj0f.cloudfront.net/310519663399842622/cuoraNs8SGWCiJUcwSXm4W/panels/420001-page15-bottom-left-1773419825892.png"", ""narration"": ""Bu cesur hamle büyük bir skandala yol açtı ve şirket yöneticileri tutuklandı."", ""position"": ""top-left"", ""speaker"": null}, {""bubbleType"": ""speech"", ""dialogue"": ""Asla eskisi gibi olmayacaktım."", ""imageUrl"": ""https://d2xsxph8kpxj0f.cloudfront.net/310519663399842622/cuoraNs8SGWCiJUcwSXm4W/panels/420001-page15-bottom-right-1773419830996.png"", ""narration"": ""Tolgar bir kahraman olarak anılmaya başlandı, ancak güçleri ve kahramanlığın bedeli onunla kalacaktı."", ""position"": ""top-right"", ""speaker"": ""Tolgar""}]",,,,,"[""alkış"", ""flaşlar"", ""zafer""]",landscape,2026-03-13 16:38:30
420016,420001,16,A-A-A-A,0,"Peşindekilerle yüzleşmek zorunda kalan Tolgar, güçlerini sonuna kadar kullandı. Vücudundan yayılan enerji dalgaları, onu yakalamaya çalışanları savurdu. Bu çatışma, Tolgar'ın mutasyonunu daha da hızlandırdı. Artık sadece insanüstü değil, bambaşka bir varlığa dönüşüyordu. Şirket, onu durdurmak için daha büyük bir ordu göndermek zorunda kalacaktı. Tolgar, bir silaha dönüşmüştü, kontrolsüz ve tehlikeli. Sonsuz bir savaşın başlangıcıydı bu.",,"[{""bubbleType"": ""speech"", ""dialogue"": null, ""imageUrl"": ""https://d2xsxph8kpxj0f.cloudfront.net/310519663399842622/cuoraNs8SGWCiJUcwSXm4W/panels/420001-page16-top-1773419841585.png"", ""narration"": ""Tolgar, peşindekilerle yüzleşirken güçlerini sonuna kadar kullanır."", ""position"": ""top-right"", ""speaker"": null}, {""bubbleType"": ""speech"", ""dialogue"": null, ""imageUrl"": ""https://d2xsxph8kpxj0f.cloudfront.net/310519663399842622/cuoraNs8SGWCiJUcwSXm4W/panels/420001-page16-bottom-left-1773419844281.png"", ""narration"": ""Vücudundan yayılan enerji dalgaları düşmanlarını savururken mutasyonu hızlanır."", ""position"": ""top-left"", ""speaker"": null}, {""bubbleType"": ""speech"", ""dialogue"": null, ""imageUrl"": ""https://d2xsxph8kpxj0f.cloudfront.net/310519663399842622/cuoraNs8SGWCiJUcwSXm4W/panels/420001-page16-bottom-right-1773419846561.png"", ""narration"": ""Tolgar, kontrolsüz bir silaha dönüşerek sonsuz bir savaşın başlangıcını işaret eder."", ""position"": ""top-right"", ""speaker"": null}]",,,,,"[""enerji patlaması"", ""çığlıklar"", ""patlama""]",landscape,2026-03-13 16:38:30
420017,420001,17,A-A-A-B,0,"Tolgar, güçlerini gizleyerek sıradan bir hayat kurmaya çalıştı. Yeni bir şehirde, yeni bir kimlikle yaşamaya başladı. Ancak içindeki değişim ve peşindeki şirketin gölgesi onu asla terk etmedi. Her an tetikte yaşamak, onu yavaş yavaş tüketiyordu. Güçleri, gizli bir yük olarak kaldı ve Tolgar, asla tam anlamıyla huzur bulamadı. Normal bir hayat, onun için sadece bir hayalden ibaretti.",,"[{""bubbleType"": ""speech"", ""dialogue"": null, ""imageUrl"": ""https://d2xsxph8kpxj0f.cloudfront.net/310519663399842622/cuoraNs8SGWCiJUcwSXm4W/panels/420001-page17-top-1773419846919.png"", ""narration"": ""Tolgar, yeni bir şehirde güçlerini gizleyerek sıradan bir hayat kurmaya çalışıyor."", ""position"": ""top-right"", ""speaker"": null}, {""bubbleType"": ""speech"", ""dialogue"": null, ""imageUrl"": ""https://d2xsxph8kpxj0f.cloudfront.net/310519663399842622/cuoraNs8SGWCiJUcwSXm4W/panels/420001-page17-bottom-left-1773419852003.png"", ""narration"": ""Ancak içindeki değişim ve peşindeki şirketin gölgesi onu asla terk etmiyor."", ""position"": ""top-left"", ""speaker"": null}, {""bubbleType"": ""speech"", ""dialogue"": null, ""imageUrl"": ""https://d2xsxph8kpxj0f.cloudfront.net/310519663399842622/cuoraNs8SGWCiJUcwSXm4W/panels/420001-page17-bottom-right-1773419857098.png"", ""narration"": ""Her an tetikte yaşamak Tolgar'ı tüketiyor ve normal bir hayat hayal olarak kalıyor."", ""position"": ""top-right"", ""speaker"": null}]",,,,,"[""fısıltılar"", ""yalnızlık"", ""hüzün""]",landscape,2026-03-13 16:38:30
420018,420001,18,B-A,1,"Tolgar, güçlerini kontrol etme konusunda şaşırtıcı bir ilerleme kaydetti. Artık enerjiyi daha bilinçli bir şekilde yönlendirebiliyor, hatta küçük enerji patlamaları yaratabiliyordu. Ancak bu süreç, vücudunda gözle görülür değişikliklere yol açtı. Cildi hafifçe parlamaya başladı ve gözleri daha da yoğunlaştı. Bu yeni varoluşu kabullenecek miydi, yoksa hala bir umut var mıydı?",,"[{""bubbleType"": ""speech"", ""dialogue"": null, ""imageUrl"": ""https://d2xsxph8kpxj0f.cloudfront.net/310519663399842622/cuoraNs8SGWCiJUcwSXm4W/panels/420001-page18-top-1773419868007.png"", ""narration"": ""Tolgar, güçlerini kontrol etme konusunda şaşırtıcı bir ilerleme kaydetti ve enerjiyi bilinçli yönlendirebiliyordu."", ""position"": ""top-right"", ""speaker"": null}, {""bubbleType"": ""speech"", ""dialogue"": null, ""imageUrl"": ""https://d2xsxph8kpxj0f.cloudfront.net/310519663399842622/cuoraNs8SGWCiJUcwSXm4W/panels/420001-page18-bottom-left-1773419874489.png"", ""narration"": ""Bu süreç, Tolgar'ın vücudunda gözle görülür değişikliklere yol açtı; cildi parlıyor ve gözleri yoğunlaşıyordu."", ""position"": ""top-left"", ""speaker"": null}, {""bubbleType"": ""speech"", ""dialogue"": null, ""imageUrl"": ""https://d2xsxph8kpxj0f.cloudfront.net/310519663399842622/cuoraNs8SGWCiJUcwSXm4W/panels/420001-page18-bottom-right-1773419878602.png"", ""narration"": ""Tolgar, bu yeni varoluşunu kabullenecek miydi, yoksa hala bir umut var mıydı?"", ""position"": ""top-right"", ""speaker"": null}]",Yeni varlığını kabullen ve gücünü benimse.,Hala insan kalmaya çalış ve mutasyonu durdurmanın yolunu bul.,420019,420020,"[""enerji"", ""parlama"", ""dönüşüm""]",landscape,2026-03-13 16:38:30
420019,420001,19,B-A-A,0,"Tolgar, yeni varlığını tamamen kabullendi. Güçleri onun bir parçası olmuştu ve artık onları kontrol edebiliyordu. İnsanlık sınırlarının ötesine geçmiş, yeni bir türün öncüsü olmuştu. Şirket onu yakalamaya çalıştığında, Tolgar onlara karşı koydu ve kendi yolunu çizdi. Artık bir kahraman ya da bir kötü adam değil, sadece Tolgar'dı; evrimin bir sonraki adımı. Dünya, onunla birlikte değişecekti.",,"[{""bubbleType"": ""speech"", ""dialogue"": null, ""imageUrl"": ""https://d2xsxph8kpxj0f.cloudfront.net/310519663399842622/cuoraNs8SGWCiJUcwSXm4W/panels/420001-page19-top-1773419868009.png"", ""narration"": ""Tolgar, yeni güçlerini tamamen kabullenmiş ve onları kontrol ediyordu."", ""position"": ""top-right"", ""speaker"": null}, {""bubbleType"": ""speech"", ""dialogue"": null, ""imageUrl"": ""https://d2xsxph8kpxj0f.cloudfront.net/310519663399842622/cuoraNs8SGWCiJUcwSXm4W/panels/420001-page19-bottom-left-1773419868681.png"", ""narration"": ""Şirket onu yakalamaya çalıştığında, Tolgar kendi yolunu çizdi."", ""position"": ""top-left"", ""speaker"": null}, {""bubbleType"": ""speech"", ""dialogue"": null, ""imageUrl"": ""https://d2xsxph8kpxj0f.cloudfront.net/310519663399842622/cuoraNs8SGWCiJUcwSXm4W/panels/420001-page19-bottom-right-1773419874486.png"", ""narration"": ""Artık o sadece Tolgar'dı; evrimin bir sonraki adımı."", ""position"": ""top-right"", ""speaker"": null}]",,,,,"[""enerji patlaması"", ""zafer"", ""dönüşüm""]",landscape,2026-03-13 16:38:30
420020,420001,20,B-A-B,0,"Tolgar, insanlığını kaybetmemek için direndi. Mutasyonu durdurmanın yollarını aramaya devam etti, ancak her deneme onu daha da yoruyordu. Vücudundaki değişimler geri döndürülemezdi. Sonunda, güçlerinin ve mutasyonunun ağırlığı altında ezildi. Ne insan ne de tam anlamıyla mutasyonlu bir varlık olabildi. Tolgar, iki dünya arasında sıkışıp kalmış, trajik bir figür olarak kayboldu.",,"[{""bubbleType"": ""speech"", ""dialogue"": null, ""imageUrl"": ""https://d2xsxph8kpxj0f.cloudfront.net/310519663399842622/cuoraNs8SGWCiJUcwSXm4W/panels/420001-page20-top-1773419862588.png"", ""narration"": ""Tolgar, insanlığını kaybetmemek için direniyor, mutasyonu durdurmanın yollarını arıyor ama her deneme onu daha da yoruyor."", ""position"": ""top-right"", ""speaker"": null}, {""bubbleType"": ""speech"", ""dialogue"": null, ""imageUrl"": ""https://d2xsxph8kpxj0f.cloudfront.net/310519663399842622/cuoraNs8SGWCiJUcwSXm4W/panels/420001-page20-bottom-left-1773419868193.png"", ""narration"": ""Vücudundaki değişimler geri döndürülemez bir hal almıştır ve güçlerinin ağırlığı altında ezilmeye başlamıştır."", ""position"": ""top-left"", ""speaker"": null}, {""bubbleType"": ""speech"", ""dialogue"": null, ""imageUrl"": ""https://d2xsxph8kpxj0f.cloudfront.net/310519663399842622/cuoraNs8SGWCiJUcwSXm4W/panels/420001-page20-bottom-right-1773419868529.png"", ""narration"": ""Ne insan ne de tam anlamıyla mutasyonlu bir varlık olabilen Tolgar, iki dünya arasında sıkışıp kalmış trajik bir figür olarak kaybolur."", ""position"": ""top-right"", ""speaker"": null}]",,,,,"[""hüzün"", ""çaresizlik"", ""sessizlik""]",landscape,2026-03-13 16:38:31
420021,420001,21,B-B,1,"Antidot arayışları sonuçsuz kalan Tolgar, umutsuzluğa kapıldı. Güçleri kontrolsüz bir şekilde büyümeye devam ediyordu ve her an bir felakete yol açabilirdi. Şirket de onun peşindeydi, onu bir silah olarak kullanmak istiyordu. Tolgar, köşeye sıkışmıştı. Ne yapacaktı?",,"[{""bubbleType"": ""speech"", ""dialogue"": null, ""imageUrl"": ""https://d2xsxph8kpxj0f.cloudfront.net/310519663399842622/cuoraNs8SGWCiJUcwSXm4W/panels/420001-page21-top-1773419874523.png"", ""narration"": ""Antidot arayışları sonuçsuz kalan Tolgar, umutsuzluğa kapıldı."", ""position"": ""top-right"", ""speaker"": null}, {""bubbleType"": ""speech"", ""dialogue"": null, ""imageUrl"": ""https://d2xsxph8kpxj0f.cloudfront.net/310519663399842622/cuoraNs8SGWCiJUcwSXm4W/panels/420001-page21-bottom-left-1773419878692.png"", ""narration"": ""Güçleri kontrolsüz bir şekilde büyümeye devam ediyordu ve her an bir felakete yol açabilirdi."", ""position"": ""top-left"", ""speaker"": null}, {""bubbleType"": ""speech"", ""dialogue"": ""Ne yapacaktı?"", ""imageUrl"": ""https://d2xsxph8kpxj0f.cloudfront.net/310519663399842622/cuoraNs8SGWCiJUcwSXm4W/panels/420001-page21-bottom-right-1773419880378.png"", ""narration"": ""Şirket de onun peşindeydi, onu bir silah olarak kullanmak istiyordu; Tolgar, köşeye sıkışmıştı, ne yapacaktı?"", ""position"": ""top-right"", ""speaker"": ""Tolgar""}]",Güçlerini kabullen ve onlarla yaşamayı öğren.,Şirketle işbirliği yap ve bir antidot bulma karşılığında onlara yardım et.,420022,420023,"[""gergin müzik"", ""kalp atışı"", ""çaresizlik""]",landscape,2026-03-13 16:38:31
420022,420001,22,B-B-A,0,"Tolgar, güçlerini kabullenmekten başka çaresi kalmadığını anladı. Kontrolsüz enerjiyi kendi lehine çevirmeye çalıştı, ancak mutasyon o kadar ilerlemişti ki, vücudu artık insan formundan uzaklaşıyordu. Yavaş yavaş, insanlığını yitirerek, doğanın yeni ve bilinmeyen bir gücüne dönüştü. Şirket onu asla yakalayamadı, çünkü Tolgar, artık onların anlayamayacağı bir varlıktı. Bir efsaneye dönüştü, ormanların derinliklerinde, dağların zirvelerinde fısıldanan bir gölge.",,"[{""bubbleType"": ""speech"", ""dialogue"": null, ""imageUrl"": ""https://d2xsxph8kpxj0f.cloudfront.net/310519663399842622/cuoraNs8SGWCiJUcwSXm4W/panels/420001-page22-top-1773419886386.png"", ""narration"": ""Tolgar, güçlerini kabullenmekten başka çaresi kalmadığını anladı ve kontrolsüz enerjiyi kendi lehine çevirmeye çalıştı."", ""position"": ""top-right"", ""speaker"": null}, {""bubbleType"": ""speech"", ""dialogue"": null, ""imageUrl"": ""https://d2xsxph8kpxj0f.cloudfront.net/310519663399842622/cuoraNs8SGWCiJUcwSXm4W/panels/420001-page22-bottom-left-1773419889479.png"", ""narration"": ""Mutasyon o kadar ilerlemişti ki, vücudu insan formundan uzaklaşarak doğanın bilinmeyen bir gücüne dönüştü."", ""position"": ""top-left"", ""speaker"": null}, {""bubbleType"": ""speech"", ""dialogue"": null, ""imageUrl"": ""https://d2xsxph8kpxj0f.cloudfront.net/310519663399842622/cuoraNs8SGWCiJUcwSXm4W/panels/420001-page22-bottom-right-1773419889743.png"", ""narration"": ""Şirket onu asla yakalayamadı; Tolgar, ormanlarda ve dağlarda fısıldanan bir efsaneye dönüştü."", ""position"": ""top-right"", ""speaker"": null}]",,,,,"[""rüzgar"", ""uğultu"", ""doğa""]",landscape,2026-03-13 16:38:31
420023,420001,23,B-B-B,0,"Tolgar, şirketle işbirliği yapmaya karar verdi. Antidot bulma karşılığında, güçlerini şirket için kullanmayı kabul etti. Ancak şirket, Tolgar'ı sadece bir araç olarak görüyordu. Antidot vaadi asla gerçekleşmedi ve Tolgar, şirketin kontrolündeki güçlü bir silaha dönüştü. İradesi elinden alınmış, sadece emirleri uygulayan bir kukla haline geldi. Özgürlüğünü ve insanlığını kaybetmişti, bir laboratuvarın en tehlikeli deneyi olarak tarihe geçti.",,"[{""bubbleType"": ""speech"", ""dialogue"": null, ""imageUrl"": ""https://d2xsxph8kpxj0f.cloudfront.net/310519663399842622/cuoraNs8SGWCiJUcwSXm4W/panels/420001-page23-top-1773419900758.png"", ""narration"": ""Tolgar, antidot karşılığında güçlerini şirket için kullanmayı kabul eder."", ""position"": ""top-right"", ""speaker"": null}, {""bubbleType"": ""speech"", ""dialogue"": null, ""imageUrl"": ""https://d2xsxph8kpxj0f.cloudfront.net/310519663399842622/cuoraNs8SGWCiJUcwSXm4W/panels/420001-page23-bottom-left-1773419904411.png"", ""narration"": ""Şirket, Tolgar'ı bir araç olarak görür ve antidot vaadini asla yerine getirmez."", ""position"": ""top-left"", ""speaker"": null}, {""bubbleType"": ""speech"", ""dialogue"": null, ""imageUrl"": ""https://d2xsxph8kpxj0f.cloudfront.net/310519663399842622/cuoraNs8SGWCiJUcwSXm4W/panels/420001-page23-bottom-right-1773419904636.png"", ""narration"": ""Tolgar, iradesi elinden alınmış, şirketin kontrolündeki tehlikeli bir silaha dönüşür."", ""position"": ""top-right"", ""speaker"": null}]",,,,,"[""zincirler"", ""uğultu"", ""robotik ses""]",landscape,2026-03-13 16:38:31
450001,450002,1,root,0,"Bir gece, gökyüzünde parlayan Ay, sanki kocaman bir gümüş top gibi pencereye çok yaklaşmıştı. Küçük Tuğra, yuvarlak, açık mavi-gri gözleriyle dışarı bakarken, babası Tolgar'a sordu: ""Baba, biz Ay'a gidebilir miyiz?"" Tolgar, koyu kahverengi, badem şeklindeki gözleriyle oğluna sıcacık gülümsedi. Çünkü bazı sorular, tıpkı Tuğra'nınki gibi, gerçekten de sihirli kapıları açardı.

Tam o anda, Tuğra'nın odasındaki oyuncak roket hafifçe titredi ve sanki canlıymış gibi parlamaya başladı! Yumuşacık battaniyeler, pırıl pırıl yıldız tozuna dönüştü. Tolgar ve Tuğra, kendilerini bir anda roketin içinde buldular. Roket, bulutların arasından usulca yükselirken, Ay onlara ""Hoş geldiniz!"" der gibi gülümsüyordu.",https://d2xsxph8kpxj0f.cloudfront.net/310519663399842622/cuoraNs8SGWCiJUcwSXm4W/generated/1773430349887.png,,,,,,"[""magical"", ""rocket launch""]",portrait,2026-03-13 19:32:59
450002,450002,2,root,1,"Roketleri hızla gökyüzüne doğru yükselirken, küçük Tuğra pencereden dışarıya hayranlıkla baktı. Aşağıda, Dünya kocaman, mavi bir top gibi görünüyordu. Beyaz, pamuk gibi bulutlar yavaşça dönüyordu. Tuğra'nın gözleri bu muhteşem manzarayla ışıl ışıl parladı.

Tolgar, sıcak ve güven veren sesiyle, ""Şimdi atmosferin ilk katmanındayız, tatlım. Adı Troposfer,"" diye açıkladı. ""Burada hava akımları çok güçlü, tıpkı görünmez nehirler gibi. Dikkatli olmalıyız."" Tuğra, merakla babasına döndü. Minik sesi heyecanla doluydu. ""Peki ne yapacağız şimdi baba? Bu görünmez nehirleri nasıl geçeceğiz?""

Şimdi ne yapmalıydılar?

Choice A: Hava akımlarını kullanarak yükselmeye çalışın.
Choice B: Roketin motorlarını daha da güçlendirip akımları aşın.",https://d2xsxph8kpxj0f.cloudfront.net/310519663399842622/cuoraNs8SGWCiJUcwSXm4W/generated/1773430346107.png,,Hava akımlarını kullanarak yükselmeye çalışın.,Roketin motorlarını daha da güçlendirip akımları aşın.,450003,450004,"[""wind"", ""rocket engine""]",portrait,2026-03-13 19:32:59
450003,450002,3,A,1,"Tolgar, Tuğra'nın ışıl ışıl gözlerine bakarak gülümsedi. ""Bu görünmez nehirler bize yardım edebilir,"" dedi sıcak sesiyle. Parmakları roketin parlak kontrol düğmelerinde dans etti. Roket, sihirli bir kuş gibi kanatlarını açtı, rüzgarı dostu yaptı.

Hava akımları onları nazikçe yukarı taşıdı. Beyaz, pamuk bulutlar şimdi altlarında kalmıştı. ""Vay canına, baba!"" diye haykırdı Tuğra'nın yüksek sesi. ""Sanki kocaman bir kuş gibi süzülüyoruz!"" Roket, gökyüzünde dans ederek, yıldızlara doğru yükseliyordu.

Şimdi ne yapmalıydılar?

Ozon tabakasını geçmek için yavaşça süzülün.
Hızlıca geçmek için roketin hızını artırın.",https://d2xsxph8kpxj0f.cloudfront.net/310519663399842622/cuoraNs8SGWCiJUcwSXm4W/generated/1773430347848.png,,Ozon tabakasını geçmek için yavaşça süzülün.,Hızlıca geçmek için roketin hızını artırın.,450005,450006,"[""gliding"", ""wind""]",portrait,2026-03-13 19:32:59
450004,450002,4,B,1,"Tolgar, ""Akımlara karşı koymalıyız!"" diyerek roketin motorlarını son gücüne kadar çalıştırdı. Kocaman roket, güçlü bir uğultuyla titremeye başladı. Sanki dev bir balina, pamuktan denizi yararak ilerliyordu. Bir anda, roket bulutları delip geçti ve gökyüzünün daha sakin, mor renkli bir katmanına ulaştılar.

Tuğra, gözleri parlayarak, ""Çok hızlıydık baba! Sanki bir yıldız gibi fırladık!"" diye haykırdı. Tolgar, oğluna sıcak bir gülümsemeyle baktı. ""Evet, minik kahramanım. Şimdi daha sakin bir bölgedeyiz ama önümüzde parıldayan bir örtü var: ozon tabakası.""

Şimdi ne yapmalılar?
Choice A: Ozon tabakasını geçmek için yavaşça süzülün.
Choice B: Hızlıca geçmek için roketin hızını artırın.",https://d2xsxph8kpxj0f.cloudfront.net/310519663399842622/cuoraNs8SGWCiJUcwSXm4W/generated/1773430343248.png,,Ozon tabakasını geçmek için yavaşça süzülün.,Hızlıca geçmek için roketin hızını artırın.,450007,450008,"[""engine roar"", ""vibration""]",portrait,2026-03-13 19:32:59
450005,450002,5,A-A,1,"Tolgar, roketin kontrol paneline uzandı ve nazikçe bir düğmeye bastı. Roket, mor ötesi ışınlarla parlayan ozon tabakasında yavaşça süzülmeye başladı. Sanki gökyüzünde ışıl ışıl parlayan, rengarenk bir tünelden geçiyorlardı. Tuğra'nın yuvarlak, mavi-gri gözleri hayranlıkla büyüdü. ""Baba, burası ne kadar da güzel parlıyor, sanki renkli bir tünelden geçiyoruz!"" diye fısıldadı.

Tolgar, oğlunun yumuşak kahverengi saçlarını okşadı. ""Evet, tatlım,"" dedi sıcak sesiyle. ""Burası bizi zararlı ışınlardan koruyan sihirli bir kalkan. Tıpkı Dünya'mızın görünmez bir battaniyesi gibi."" Roket usulca ilerlerken, Ay'ın gümüş rengi yüzeyi artık çok daha yakından görünüyordu.

Şimdi ne yapmalıydılar?

Ay'ın yüzeyine inmek için yumuşak bir iniş yapın.
Ay'ın yörüngesinde kısa bir tur atıp etrafı keşfedin.",https://d2xsxph8kpxj0f.cloudfront.net/310519663399842622/cuoraNs8SGWCiJUcwSXm4W/generated/1773430351381.png,,Ay'ın yüzeyine inmek için yumuşak bir iniş yapın.,Ay'ın yörüngesinde kısa bir tur atıp etrafı keşfedin.,450009,450010,"[""shimmering"", ""soft hum""]",portrait,2026-03-13 19:33:00
450006,450002,6,A-B,1,"Tolgar, Tuğra'nın heyecanlı gözlerine bakarak gülümsedi. ""Hızlıca geçmeliyiz ki daha fazla enerji harcamayalım,"" dedi sıcak sesiyle. Parmakları roketin parlak düğmelerinde gezindi ve roketin hızı arttı. Bir anda, roket hafifçe sarsılarak ozon tabakasını geçti, sanki sihirli bir tünelden fırlamış gibi. Tuğra, yuvarlak gözleri kocaman açılmış bir şekilde, ""Çok hızlıydık baba, göz açıp kapayıncaya kadar geçtik!"" diye haykırdı.

Tolgar, oğlunun saçlarını okşadı. ""Evet, minik astronotum,"" dedi yumuşak bir sesle. ""Şimdi Ay'a daha da yakınız. Neredeyse oradayız, Ay bizi bekliyor!"" Dışarıda, yıldızlar daha da parlak görünüyordu ve Ay, kocaman, gümüş bir top gibi onlara gülümsüyordu.

Şimdi ne yapmalıydılar?

Ay'ın yüzeyine inmek için yumuşak bir iniş yapın.
Ay'ın yörüngesinde kısa bir tur atıp etrafı keşfedin.",https://d2xsxph8kpxj0f.cloudfront.net/310519663399842622/cuoraNs8SGWCiJUcwSXm4W/generated/1773430355847.png,,Ay'ın yüzeyine inmek için yumuşak bir iniş yapın.,Ay'ın yörüngesinde kısa bir tur atıp etrafı keşfedin.,450011,450012,"[""whoosh"", ""rocket boost""]",portrait,2026-03-13 19:33:00
450007,450002,7,B-A,1,"Tolgar, sıcak ve güven veren sesiyle, ""Ozon tabakası çok hassastır, minik yıldızım. Onu incitmeden, yavaşça geçmeliyiz,"" dedi. Kocaman roket, gökyüzündeki parıldayan örtünün içinden nazikçe süzülmeye başladı. Dışarıdaki mor ve yeşil ışıklar, Tuğra'nın gözlerinde dans ediyordu. Sanki binlerce minik pırıltı, roketin etrafında dönüyordu.

Tuğra, gözleri kocaman açılmış bir şekilde, ""Baba, sanki gökkuşağının içindeyiz!"" diye fısıldadı. Tolgar, oğluna sevgiyle gülümsedi. ""Evet, tatlım. Burası dünyamızın koruyucu kalkanı. Şimdi Ay'a çok yakınız, bembeyaz bir inci gibi parlıyor.""

Şimdi ne yapmalılar?
Choice A: Ay'ın yüzeyine inmek için yumuşak bir iniş yapın.
Choice B: Ay'ın yörüngesinde kısa bir tur atıp etrafı keşfedin.",https://d2xsxph8kpxj0f.cloudfront.net/310519663399842622/cuoraNs8SGWCiJUcwSXm4W/generated/1773430357528.png,,Ay'ın yüzeyine inmek için yumuşak bir iniş yapın.,Ay'ın yörüngesinde kısa bir tur atıp etrafı keşfedin.,450013,450014,"[""sparkle"", ""gentle hum""]",portrait,2026-03-13 19:33:00
450008,450002,8,B-B,1,"Tolgar, ""Zaman kaybetmeyelim, hızlanalım!"" diyerek motorlara tekrar güç verdi. Roket, parıldayan ozon tabakasından hızla geçti. Minik bir sarsıntı hissettiler, sanki görünmez, ışıltılı bir perdenin içinden geçmişlerdi. Tuğra, kocaman açtığı gözleriyle, ""Baba, sanki bir tünelden geçtik! Işıl ışıl bir tünelden!"" diye kıkırdadı.

Tolgar, oğlunun saçlarını okşadı. Sıcak sesiyle, ""Evet, minik kaşifim. Şimdi Ay'a çok yakınız, maceramızın sonuna doğru geliyoruz,"" dedi. Pencereden dışarı baktıklarında, kocaman, bembeyaz Ay onlara gülümsüyordu.

Şimdi ne yapmalılar?
Choice A: Ay'ın yüzeyine inmek için yumuşak bir iniş yapın.
Choice B: Ay'ın yörüngesinde kısa bir tur atıp etrafı keşfedin.",https://d2xsxph8kpxj0f.cloudfront.net/310519663399842622/cuoraNs8SGWCiJUcwSXm4W/generated/1773430361480.png,,Ay'ın yüzeyine inmek için yumuşak bir iniş yapın.,Ay'ın yörüngesinde kısa bir tur atıp etrafı keşfedin.,450015,450016,"[""acceleration"", ""light tremor""]",portrait,2026-03-13 19:33:00
450009,450002,9,A-A-A,0,"Tolgar, roketin kontrol düğmelerini nazikçe çevirdi. Ay'ın gri yüzeyine doğru yavaşça süzüldüler. Bir bulut gibi hafifçe yere kondular; incecik Ay tozu etrafa yayıldı. Tuğra, yuvarlak gözleriyle pencereden dışarı baktı. Karşılarında sessiz, sihirli bir dünya vardı.

Tolgar, oğlunun yumuşak saçlarını okşayarak gülümsedi. Birlikte roketten indiler ve Ay'ın üzerinde minik adımlarla yürüdüler. Uzaktan, mavi ve pırıl pırıl Dünya'ya baktılar. Bu, ikisinin de kalbinde parlayan unutulmaz bir Ay yolculuğuydu. Tutulma başlamadan önce roketlerine geri dönüp, evlerinin sıcak kollarına doğru yola çıktılar.",https://d2xsxph8kpxj0f.cloudfront.net/310519663399842622/cuoraNs8SGWCiJUcwSXm4W/generated/1773430362806.png,,,,,,"[""landing"", ""silence"", ""footsteps""]",portrait,2026-03-13 19:33:00
450010,450002,10,A-A-B,0,"Tolgar, usta bir pilot gibi roketini Ay'ın yörüngesine nazikçe oturttu. Tuğra, pencereden dışarı bakarken Ay'ın üzerindeki dev kraterlere ve yüksek dağlara hayranlıkla baktı. Dünya, uzakta parlayan minik, mavi bir mücevher gibi görünüyordu; sanki onları eve çağırıyordu. Bu kısa keşif turu, baba ve oğul için gökyüzünde unutulmaz bir dans olmuştu.

Tolgar, Tuğra'nın yumuşak kahverengi saçlarını okşarken gülümsedi. ""Eve dönme zamanı, kahramanım,"" dedi sıcak sesiyle. Roket, Ay'a veda edip yavaşça Dünya'ya doğru süzülmeye başladı. Tuğra'nın kalbi, bu maceranın tatlı anılarıyla doluydu ve biliyordu ki, gökyüzü her zaman onlara yeni hikayeler fısıldayacaktı.",https://d2xsxph8kpxj0f.cloudfront.net/310519663399842622/cuoraNs8SGWCiJUcwSXm4W/generated/1773430367440.png,,,,,,"[""orbit"", ""awe"", ""distant hum""]",portrait,2026-03-13 19:33:00
450011,450002,11,A-B-A,0,"Tolgar, roketini Ay'ın tozlu yüzeyine usulca indirdi. Minik uzay gemileri hafifçe sallanıp durduğunda, Tuğra heyecanla pencereye yapıştı. Dışarıda, gri ve kraterlerle dolu Ay manzarası nefes kesiciydi. Sanki dev bir peynir dilimi gibiydi! Tolgar ve Tuğra, Ay yüzeyinde kısa bir keşif yaptılar. Pırıl pırıl Ay taşları topladılar ve uzaktan parlayan güzelim Dünya'ya el salladılar.

Güneş tutulması başlamadan hemen önce, bu harika macerayı geride bırakıp evlerine doğru yola çıktılar. Tuğra, babasının kucağında uykuya daldığında bile gülümsüyordu. Rüyasında, Ay'da topladığı parlak taşlarla oynuyor, Dünya'ya bakıp şarkılar söylüyordu. Bu macera, kalplerinde sonsuza dek parlayan bir yıldız gibi kalacaktı.",https://d2xsxph8kpxj0f.cloudfront.net/310519663399842622/cuoraNs8SGWCiJUcwSXm4W/generated/1773430370419.png,,,,,,"[""thud"", ""dust"", ""exploration""]",portrait,2026-03-13 19:33:00
450012,450002,12,A-B-B,0,"Tolgar, Ay'ın etrafında hızla ama nazikçe bir tur attı. Roketleri, gümüş topun etrafında dans eden küçük bir yıldız gibiydi. Tuğra, pencereden dışarıya hayranlıkla bakarken, Ay'ın hem aydınlık yüzünü hem de gizemli karanlık tarafını gördü. Her yer pırıl pırıl parlıyordu. Uzakta, Dünya mavi, yeşil ve beyaz renkleriyle dönen minicik bir top gibi görünüyordu.

Bu hızlı tur, onlara Ay'ın ne kadar büyük ve uzayın ne kadar sonsuz olduğunu hissettirdi. Tolgar, ""Vakit geldi, minik astronotum,"" dedi gülümseyerek. Tutulma başlamadan önce, sihirli roketleri onları evlerine, sıcacık yataklarına geri taşıdı. Tuğra, gözleri parlayarak uykuya dalarken, Ay'ın ve yıldızların maceralarını rüyalarında görmeye başladı.",https://d2xsxph8kpxj0f.cloudfront.net/310519663399842622/cuoraNs8SGWCiJUcwSXm4W/generated/1773430369292.png,,,,,,"[""fast flight"", ""wonder"", ""space sounds""]",portrait,2026-03-13 19:33:00
450013,450002,13,B-A-A,0,"Roket, Ay'ın gümüş rengi kraterli yüzeyine tüy gibi nazikçe kondu. Tuğra, pencereden dışarı bakarken Ay'ın sessiz ve gizemli dünyasına hayran kaldı. Her yer bembeyaz bir tozla kaplıydı, sanki dev bir şekerleme tabağı gibiydi. Tolgar ve minik Tuğra, Ay yüzeyinde küçük, hafif adımlar attılar. Ayak izleri, yumuşacık tozlu zeminde minik sır kutuları gibi belirginleşti.

Uzakta, masmavi ve pırıl pırıl parlayan Dünya'ya el salladılar. Ay'ın büyülü sessizliğini dinlediler ve kalplerine bu unutulmaz anları sakladılar. Güneş tutulması başlamadan hemen önce, roketleri onları evlerine, sıcak yataklarına geri götürdü. Tuğra, yatağına uzandığında bile Ay'ın parıltısı ve babasıyla yaşadığı bu harika macera gözlerinin önündeydi. Tatlı uykusunda bile gülümsüyordu, çünkü biliyordu ki hayaller her zaman gerçek olabilirdi.",https://d2xsxph8kpxj0f.cloudfront.net/310519663399842622/cuoraNs8SGWCiJUcwSXm4W/generated/1773430376729.png,,,,,,"[""soft landing"", ""quiet"", ""moonwalk""]",portrait,2026-03-13 19:33:00
450014,450002,14,B-A-B,0,"Tolgar, roketini Ay'ın bembeyaz yörüngesine usulca sabitledi. Tuğra, pencereden dışarı baktığında gözleri kocaman açıldı. Ay, dev bir peynir gibi yakındı, üzerinde minik kraterler ve gölgeler vardı. ""Baba, Ay ne kadar da büyük!"" diye fısıldadı Tuğra, parmağıyla işaret ederek. Tolgar, oğlunun saçlarını okşadı. ""Evet, tatlım. Ve bak, Dünya orada, uzayın derinliklerinde parlayan mavi bir inci gibi.""

Ay'ın etrafında kısa bir tur attılar, sanki uzayda dans ediyorlardı. Dünya'ya geri dönme vakti geldiğinde, Tuğra'nın kalbi hem macera dolu hem de sıcacık hissediyordu. Bu, gökyüzünde yaşadıkları sihirli bir rüyaydı. Tolgar gülümsedi, ""Evimize dönüyoruz, minik astronotum. Ama bu maceranın hatırası hep kalbimizde parlayacak."" İkisi de, yıldızların arasında geçirdikleri bu unutulmaz yolculukla evlerine doğru süzülmeye başladılar.",https://d2xsxph8kpxj0f.cloudfront.net/310519663399842622/cuoraNs8SGWCiJUcwSXm4W/generated/1773430373286.png,,,,,,"[""orbital view"", ""awe"", ""gentle hum""]",portrait,2026-03-13 19:33:00
450015,450002,15,B-B-A,0,"Tolgar, roketini Ay'ın gri yüzeyine doğru nazikçe indirdi. Küçük bir sarsıntıyla durduklarında, Tuğra neşeyle kıkırdadı. Pencereden dışarı baktıklarında, her yer bembeyaz ve tozlu görünüyordu, tıpkı dev bir şekerleme tarlası gibi! Ay'ın üzerinde minik adımlarla yürüdüler, parıldayan Ay taşları topladılar ve uzaktan mavi Dünya'ya el salladılar.

Güneş tutulması başlamadan hemen önce, Tolgar ve Tuğra, roketleriyle evlerine doğru yola çıktılar. Kalpleri macera dolu, cepleri Ay taşlarıyla doluydu. Yataklarına uzandıklarında, Ay'ın onlara gülümsediğini hissettiler. Bu, unutulmaz bir geceydi ve ikisi de tatlı rüyalara daldılar, bir sonraki macerayı hayal ederek.",https://d2xsxph8kpxj0f.cloudfront.net/310519663399842622/cuoraNs8SGWCiJUcwSXm4W/generated/1773430379401.png,,,,,,"[""hard landing"", ""laughter"", ""quick steps""]",portrait,2026-03-13 19:33:00
450016,450002,16,B-B-B,0,"Tolgar, roketin hızını hiç düşürmeden Ay'ın etrafında pırıl pırıl bir tur attı. Tuğra, pencereden dışarı bakarken Ay'ın kocaman kraterlerini ve uzun gölgelerini hızla geçtiklerini gördü. Minik ağzı şaşkınlıkla açık kaldı. Uzaklarda, Dünya küçücük, mavi ve parıldayan bir mücevher gibi görünüyordu. Bu hızlı ve eğlenceli tur, onlara uzayın ne kadar heyecanlı olduğunu gösterdi.

Tam da Ay tutulması başlamadan önce, Tolgar ve Tuğra unutulmaz bir macerayı tamamlayıp evlerine geri döndüler. Roketleri yumuşacık bir iniş yaptı. Tuğra, yatağında gözlerini açtığında, penceresinden Ay'ın nazikçe gülümsediğini gördü. Bu, şimdiye kadarki en güzel rüyaydı!",https://d2xsxph8kpxj0f.cloudfront.net/310519663399842622/cuoraNs8SGWCiJUcwSXm4W/generated/1773430379702.png,,,,,,"[""high speed"", ""thrill"", ""distant stars""]",portrait,2026-03-13 19:33:00
